Date,Signal,Numerical_Signal
2015-01-02,,0.0
2015-01-05,,0.0
2015-01-06,,0.0
2015-01-07,,0.0
2015-01-08,,0.0
2015-01-09,,0.0
2015-01-12,,0.0
2015-01-13,,0.0
2015-01-14,,0.0
2015-01-15,,0.0
2015-01-16,,0.0
2015-01-20,,0.0
2015-01-21,,0.0
2015-01-22,,0.0
2015-01-23,,0.0
2015-01-26,,0.0
2015-01-27,,0.0
2015-01-28,,0.0
2015-01-29,,0.0
2015-01-30,,0.0
2015-02-02,,0.0
2015-02-03,,0.0
2015-02-04,,0.0
2015-02-05,,0.0
2015-02-06,,0.0
2015-02-09,,0.0
2015-02-10,,0.0
2015-02-11,,0.0
2015-02-12,,0.0
2015-02-13,,0.0
2015-02-17,,0.0
2015-02-18,,0.0
2015-02-19,,0.0
2015-02-20,,0.0
2015-02-23,,0.0
2015-02-24,,0.0
2015-02-25,,0.0
2015-02-26,,0.0
2015-02-27,,0.0
2015-03-02,buy,1.0
2015-03-03,buy,0.0
2015-03-04,buy,0.0
2015-03-05,buy,0.0
2015-03-06,buy,0.0
2015-03-09,buy,0.0
2015-03-10,buy,0.0
2015-03-11,buy,0.0
2015-03-12,buy,0.0
2015-03-13,buy,0.0
2015-03-16,buy,0.0
2015-03-17,buy,0.0
2015-03-18,buy,0.0
2015-03-19,buy,0.0
2015-03-20,buy,0.0
2015-03-23,buy,0.0
2015-03-24,buy,0.0
2015-03-25,buy,0.0
2015-03-26,buy,0.0
2015-03-27,buy,0.0
2015-03-30,buy,0.0
2015-03-31,buy,0.0
2015-04-01,buy,0.0
2015-04-02,buy,0.0
2015-04-06,buy,0.0
2015-04-07,buy,0.0
2015-04-08,buy,0.0
2015-04-09,buy,0.0
2015-04-10,buy,0.0
2015-04-13,buy,0.0
2015-04-14,buy,0.0
2015-04-15,buy,0.0
2015-04-16,buy,0.0
2015-04-17,buy,0.0
2015-04-20,buy,0.0
2015-04-21,buy,0.0
2015-04-22,buy,0.0
2015-04-23,buy,0.0
2015-04-24,buy,0.0
2015-04-27,buy,0.0
2015-04-28,buy,0.0
2015-04-29,buy,0.0
2015-04-30,buy,0.0
2015-05-01,buy,0.0
2015-05-04,buy,0.0
2015-05-05,buy,0.0
2015-05-06,buy,0.0
2015-05-07,buy,0.0
2015-05-08,buy,0.0
2015-05-11,buy,0.0
2015-05-12,buy,0.0
2015-05-13,buy,0.0
2015-05-14,buy,0.0
2015-05-15,buy,0.0
2015-05-18,buy,0.0
2015-05-19,buy,0.0
2015-05-20,buy,0.0
2015-05-21,buy,0.0
2015-05-22,buy,0.0
2015-05-26,buy,0.0
2015-05-27,buy,0.0
2015-05-28,buy,0.0
2015-05-29,buy,0.0
2015-06-01,buy,0.0
2015-06-02,buy,0.0
2015-06-03,buy,0.0
2015-06-04,buy,0.0
2015-06-05,buy,0.0
2015-06-08,buy,0.0
2015-06-09,buy,0.0
2015-06-10,buy,0.0
2015-06-11,buy,0.0
2015-06-12,buy,0.0
2015-06-15,buy,0.0
2015-06-16,buy,0.0
2015-06-17,buy,0.0
2015-06-18,buy,0.0
2015-06-19,buy,0.0
2015-06-22,buy,0.0
2015-06-23,buy,0.0
2015-06-24,buy,0.0
2015-06-25,buy,0.0
2015-06-26,buy,0.0
2015-06-29,buy,0.0
2015-06-30,sell,-1.0
2015-07-01,sell,0.0
2015-07-02,sell,0.0
2015-07-06,sell,0.0
2015-07-07,sell,0.0
2015-07-08,sell,0.0
2015-07-09,sell,0.0
2015-07-10,sell,0.0
2015-07-13,sell,0.0
2015-07-14,sell,0.0
2015-07-15,sell,0.0
2015-07-16,sell,0.0
2015-07-17,sell,0.0
2015-07-20,sell,0.0
2015-07-21,sell,0.0
2015-07-22,sell,0.0
2015-07-23,sell,0.0
2015-07-24,sell,0.0
2015-07-27,sell,0.0
2015-07-28,sell,0.0
2015-07-29,sell,0.0
2015-07-30,sell,0.0
2015-07-31,sell,0.0
2015-08-03,sell,0.0
2015-08-04,sell,0.0
2015-08-05,sell,0.0
2015-08-06,sell,0.0
2015-08-07,sell,0.0
2015-08-10,sell,0.0
2015-08-11,sell,0.0
2015-08-12,sell,0.0
2015-08-13,sell,0.0
2015-08-14,sell,0.0
2015-08-17,sell,0.0
2015-08-18,sell,0.0
2015-08-19,sell,0.0
2015-08-20,sell,0.0
2015-08-21,sell,0.0
2015-08-24,sell,0.0
2015-08-25,sell,0.0
2015-08-26,sell,0.0
2015-08-27,sell,0.0
2015-08-28,sell,0.0
2015-08-31,sell,0.0
2015-09-01,sell,0.0
2015-09-02,sell,0.0
2015-09-03,sell,0.0
2015-09-04,sell,0.0
2015-09-08,sell,0.0
2015-09-09,sell,0.0
2015-09-10,sell,0.0
2015-09-11,sell,0.0
2015-09-14,buy,1.0
2015-09-15,buy,0.0
2015-09-16,buy,0.0
2015-09-17,buy,0.0
2015-09-18,buy,0.0
2015-09-21,buy,0.0
2015-09-22,buy,0.0
2015-09-23,buy,0.0
2015-09-24,buy,0.0
2015-09-25,buy,0.0
2015-09-28,buy,0.0
2015-09-29,buy,0.0
2015-09-30,buy,0.0
2015-10-01,buy,0.0
2015-10-02,buy,0.0
2015-10-05,buy,0.0
2015-10-06,buy,0.0
2015-10-07,buy,0.0
2015-10-08,buy,0.0
2015-10-09,buy,0.0
2015-10-12,buy,0.0
2015-10-13,buy,0.0
2015-10-14,buy,0.0
2015-10-15,buy,0.0
2015-10-16,buy,0.0
2015-10-19,buy,0.0
2015-10-20,buy,0.0
2015-10-21,buy,0.0
2015-10-22,buy,0.0
2015-10-23,buy,0.0
2015-10-26,buy,0.0
2015-10-27,buy,0.0
2015-10-28,buy,0.0
2015-10-29,buy,0.0
2015-10-30,buy,0.0
2015-11-02,buy,0.0
2015-11-03,buy,0.0
2015-11-04,buy,0.0
2015-11-05,buy,0.0
2015-11-06,buy,0.0
2015-11-09,buy,0.0
2015-11-10,buy,0.0
2015-11-11,buy,0.0
2015-11-12,buy,0.0
2015-11-13,buy,0.0
2015-11-16,buy,0.0
2015-11-17,buy,0.0
2015-11-18,buy,0.0
2015-11-19,buy,0.0
2015-11-20,buy,0.0
2015-11-23,buy,0.0
2015-11-24,buy,0.0
2015-11-25,buy,0.0
2015-11-27,buy,0.0
2015-11-30,buy,0.0
2015-12-01,buy,0.0
2015-12-02,buy,0.0
2015-12-03,buy,0.0
2015-12-04,buy,0.0
2015-12-07,buy,0.0
2015-12-08,buy,0.0
2015-12-09,buy,0.0
2015-12-10,buy,0.0
2015-12-11,buy,0.0
2015-12-14,buy,0.0
2015-12-15,buy,0.0
2015-12-16,buy,0.0
2015-12-17,buy,0.0
2015-12-18,buy,0.0
2015-12-21,buy,0.0
2015-12-22,buy,0.0
2015-12-23,buy,0.0
2015-12-24,buy,0.0
2015-12-28,buy,0.0
2015-12-29,buy,0.0
2015-12-30,buy,0.0
2015-12-31,buy,0.0
2016-01-04,buy,0.0
2016-01-05,buy,0.0
2016-01-06,buy,0.0
2016-01-07,buy,0.0
2016-01-08,buy,0.0
2016-01-11,buy,0.0
2016-01-12,buy,0.0
2016-01-13,buy,0.0
2016-01-14,buy,0.0
2016-01-15,buy,0.0
2016-01-19,buy,0.0
2016-01-20,buy,0.0
2016-01-21,buy,0.0
2016-01-22,buy,0.0
2016-01-25,buy,0.0
2016-01-26,buy,0.0
2016-01-27,buy,0.0
2016-01-28,buy,0.0
2016-01-29,buy,0.0
2016-02-01,buy,0.0
2016-02-02,buy,0.0
2016-02-03,buy,0.0
2016-02-04,buy,0.0
2016-02-05,buy,0.0
2016-02-08,buy,0.0
2016-02-09,buy,0.0
2016-02-10,buy,0.0
2016-02-11,buy,0.0
2016-02-12,buy,0.0
2016-02-16,buy,0.0
2016-02-17,buy,0.0
2016-02-18,buy,0.0
2016-02-19,buy,0.0
2016-02-22,buy,0.0
2016-02-23,buy,0.0
2016-02-24,buy,0.0
2016-02-25,buy,0.0
2016-02-26,buy,0.0
2016-02-29,buy,0.0
2016-03-01,buy,0.0
2016-03-02,buy,0.0
2016-03-03,buy,0.0
2016-03-04,buy,0.0
2016-03-07,buy,0.0
2016-03-08,buy,0.0
2016-03-09,buy,0.0
2016-03-10,buy,0.0
2016-03-11,buy,0.0
2016-03-14,buy,0.0
2016-03-15,buy,0.0
2016-03-16,buy,0.0
2016-03-17,buy,0.0
2016-03-18,buy,0.0
2016-03-21,buy,0.0
2016-03-22,buy,0.0
2016-03-23,buy,0.0
2016-03-24,buy,0.0
2016-03-28,buy,0.0
2016-03-29,buy,0.0
2016-03-30,buy,0.0
2016-03-31,buy,0.0
2016-04-01,buy,0.0
2016-04-04,buy,0.0
2016-04-05,buy,0.0
2016-04-06,buy,0.0
2016-04-07,buy,0.0
2016-04-08,buy,0.0
2016-04-11,buy,0.0
2016-04-12,buy,0.0
2016-04-13,buy,0.0
2016-04-14,buy,0.0
2016-04-15,buy,0.0
2016-04-18,buy,0.0
2016-04-19,buy,0.0
2016-04-20,buy,0.0
2016-04-21,buy,0.0
2016-04-22,buy,0.0
2016-04-25,buy,0.0
2016-04-26,buy,0.0
2016-04-27,buy,0.0
2016-04-28,buy,0.0
2016-04-29,buy,0.0
2016-05-02,buy,0.0
2016-05-03,buy,0.0
2016-05-04,buy,0.0
2016-05-05,buy,0.0
2016-05-06,buy,0.0
2016-05-09,buy,0.0
2016-05-10,buy,0.0
2016-05-11,buy,0.0
2016-05-12,buy,0.0
2016-05-13,buy,0.0
2016-05-16,buy,0.0
2016-05-17,buy,0.0
2016-05-18,buy,0.0
2016-05-19,buy,0.0
2016-05-20,buy,0.0
2016-05-23,buy,0.0
2016-05-24,buy,0.0
2016-05-25,buy,0.0
2016-05-26,buy,0.0
2016-05-27,buy,0.0
2016-05-31,buy,0.0
2016-06-01,buy,0.0
2016-06-02,buy,0.0
2016-06-03,buy,0.0
2016-06-06,buy,0.0
2016-06-07,buy,0.0
2016-06-08,buy,0.0
2016-06-09,buy,0.0
2016-06-10,buy,0.0
2016-06-13,buy,0.0
2016-06-14,buy,0.0
2016-06-15,buy,0.0
2016-06-16,buy,0.0
2016-06-17,buy,0.0
2016-06-20,buy,0.0
2016-06-21,buy,0.0
2016-06-22,buy,0.0
2016-06-23,buy,0.0
2016-06-24,buy,0.0
2016-06-27,buy,0.0
2016-06-28,buy,0.0
2016-06-29,buy,0.0
2016-06-30,buy,0.0
2016-07-01,buy,0.0
2016-07-05,buy,0.0
2016-07-06,buy,0.0
2016-07-07,buy,0.0
2016-07-08,buy,0.0
2016-07-11,buy,0.0
2016-07-12,buy,0.0
2016-07-13,buy,0.0
2016-07-14,buy,0.0
2016-07-15,buy,0.0
2016-07-18,buy,0.0
2016-07-19,buy,0.0
2016-07-20,buy,0.0
2016-07-21,buy,0.0
2016-07-22,buy,0.0
2016-07-25,buy,0.0
2016-07-26,buy,0.0
2016-07-27,buy,0.0
2016-07-28,buy,0.0
2016-07-29,buy,0.0
2016-08-01,buy,0.0
2016-08-02,buy,0.0
2016-08-03,buy,0.0
2016-08-04,buy,0.0
2016-08-05,buy,0.0
2016-08-08,buy,0.0
2016-08-09,buy,0.0
2016-08-10,buy,0.0
2016-08-11,buy,0.0
2016-08-12,buy,0.0
2016-08-15,buy,0.0
2016-08-16,buy,0.0
2016-08-17,buy,0.0
2016-08-18,buy,0.0
2016-08-19,buy,0.0
2016-08-22,buy,0.0
2016-08-23,buy,0.0
2016-08-24,buy,0.0
2016-08-25,buy,0.0
2016-08-26,buy,0.0
2016-08-29,buy,0.0
2016-08-30,buy,0.0
2016-08-31,buy,0.0
2016-09-01,buy,0.0
2016-09-02,buy,0.0
2016-09-06,buy,0.0
2016-09-07,buy,0.0
2016-09-08,buy,0.0
2016-09-09,buy,0.0
2016-09-12,buy,0.0
2016-09-13,buy,0.0
2016-09-14,buy,0.0
2016-09-15,buy,0.0
2016-09-16,buy,0.0
2016-09-19,buy,0.0
2016-09-20,buy,0.0
2016-09-21,buy,0.0
2016-09-22,buy,0.0
2016-09-23,buy,0.0
2016-09-26,buy,0.0
2016-09-27,buy,0.0
2016-09-28,buy,0.0
2016-09-29,buy,0.0
2016-09-30,buy,0.0
2016-10-03,buy,0.0
2016-10-04,buy,0.0
2016-10-05,buy,0.0
2016-10-06,buy,0.0
2016-10-07,buy,0.0
2016-10-10,buy,0.0
2016-10-11,buy,0.0
2016-10-12,buy,0.0
2016-10-13,buy,0.0
2016-10-14,buy,0.0
2016-10-17,buy,0.0
2016-10-18,buy,0.0
2016-10-19,buy,0.0
2016-10-20,buy,0.0
2016-10-21,buy,0.0
2016-10-24,buy,0.0
2016-10-25,buy,0.0
2016-10-26,buy,0.0
2016-10-27,buy,0.0
2016-10-28,buy,0.0
2016-10-31,buy,0.0
2016-11-01,buy,0.0
2016-11-02,buy,0.0
2016-11-03,buy,0.0
2016-11-04,buy,0.0
2016-11-07,buy,0.0
2016-11-08,buy,0.0
2016-11-09,buy,0.0
2016-11-10,buy,0.0
2016-11-11,buy,0.0
2016-11-14,buy,0.0
2016-11-15,buy,0.0
2016-11-16,buy,0.0
2016-11-17,buy,0.0
2016-11-18,buy,0.0
2016-11-21,buy,0.0
2016-11-22,buy,0.0
2016-11-23,buy,0.0
2016-11-25,buy,0.0
2016-11-28,buy,0.0
2016-11-29,buy,0.0
2016-11-30,buy,0.0
2016-12-01,buy,0.0
2016-12-02,buy,0.0
2016-12-05,buy,0.0
2016-12-06,buy,0.0
2016-12-07,buy,0.0
2016-12-08,buy,0.0
2016-12-09,buy,0.0
2016-12-12,buy,0.0
2016-12-13,buy,0.0
2016-12-14,buy,0.0
2016-12-15,buy,0.0
2016-12-16,buy,0.0
2016-12-19,buy,0.0
2016-12-20,buy,0.0
2016-12-21,buy,0.0
2016-12-22,buy,0.0
2016-12-23,buy,0.0
2016-12-27,buy,0.0
2016-12-28,buy,0.0
2016-12-29,buy,0.0
2016-12-30,buy,0.0
2017-01-03,buy,0.0
2017-01-04,buy,0.0
2017-01-05,buy,0.0
2017-01-06,buy,0.0
2017-01-09,buy,0.0
2017-01-10,buy,0.0
2017-01-11,buy,0.0
2017-01-12,buy,0.0
2017-01-13,buy,0.0
2017-01-17,buy,0.0
2017-01-18,buy,0.0
2017-01-19,buy,0.0
2017-01-20,buy,0.0
2017-01-23,buy,0.0
2017-01-24,buy,0.0
2017-01-25,buy,0.0
2017-01-26,buy,0.0
2017-01-27,buy,0.0
2017-01-30,buy,0.0
2017-01-31,buy,0.0
2017-02-01,buy,0.0
2017-02-02,buy,0.0
2017-02-03,buy,0.0
2017-02-06,buy,0.0
2017-02-07,buy,0.0
2017-02-08,buy,0.0
2017-02-09,buy,0.0
2017-02-10,buy,0.0
2017-02-13,buy,0.0
2017-02-14,buy,0.0
2017-02-15,buy,0.0
2017-02-16,buy,0.0
2017-02-17,buy,0.0
2017-02-21,buy,0.0
2017-02-22,buy,0.0
2017-02-23,buy,0.0
2017-02-24,buy,0.0
2017-02-27,buy,0.0
2017-02-28,buy,0.0
2017-03-01,buy,0.0
2017-03-02,buy,0.0
2017-03-03,buy,0.0
2017-03-06,buy,0.0
2017-03-07,buy,0.0
2017-03-08,buy,0.0
2017-03-09,buy,0.0
2017-03-10,buy,0.0
2017-03-13,buy,0.0
2017-03-14,buy,0.0
2017-03-15,buy,0.0
2017-03-16,buy,0.0
2017-03-17,buy,0.0
2017-03-20,buy,0.0
2017-03-21,buy,0.0
2017-03-22,buy,0.0
2017-03-23,buy,0.0
2017-03-24,buy,0.0
2017-03-27,buy,0.0
2017-03-28,buy,0.0
2017-03-29,buy,0.0
2017-03-30,buy,0.0
2017-03-31,buy,0.0
2017-04-03,buy,0.0
2017-04-04,buy,0.0
2017-04-05,buy,0.0
2017-04-06,buy,0.0
2017-04-07,buy,0.0
2017-04-10,buy,0.0
2017-04-11,buy,0.0
2017-04-12,buy,0.0
2017-04-13,buy,0.0
2017-04-17,buy,0.0
2017-04-18,buy,0.0
2017-04-19,buy,0.0
2017-04-20,buy,0.0
2017-04-21,buy,0.0
2017-04-24,buy,0.0
2017-04-25,buy,0.0
2017-04-26,buy,0.0
2017-04-27,buy,0.0
2017-04-28,buy,0.0
2017-05-01,buy,0.0
2017-05-02,buy,0.0
2017-05-03,buy,0.0
2017-05-04,buy,0.0
2017-05-05,buy,0.0
2017-05-08,buy,0.0
2017-05-09,buy,0.0
2017-05-10,buy,0.0
2017-05-11,buy,0.0
2017-05-12,buy,0.0
2017-05-15,buy,0.0
2017-05-16,buy,0.0
2017-05-17,buy,0.0
2017-05-18,buy,0.0
2017-05-19,buy,0.0
2017-05-22,buy,0.0
2017-05-23,buy,0.0
2017-05-24,buy,0.0
2017-05-25,buy,0.0
2017-05-26,buy,0.0
2017-05-30,buy,0.0
2017-05-31,buy,0.0
2017-06-01,buy,0.0
2017-06-02,buy,0.0
2017-06-05,buy,0.0
2017-06-06,buy,0.0
2017-06-07,buy,0.0
2017-06-08,buy,0.0
2017-06-09,buy,0.0
2017-06-12,buy,0.0
2017-06-13,buy,0.0
2017-06-14,buy,0.0
2017-06-15,buy,0.0
2017-06-16,buy,0.0
2017-06-19,buy,0.0
2017-06-20,buy,0.0
2017-06-21,buy,0.0
2017-06-22,buy,0.0
2017-06-23,buy,0.0
2017-06-26,buy,0.0
2017-06-27,buy,0.0
2017-06-28,buy,0.0
2017-06-29,buy,0.0
2017-06-30,buy,0.0
2017-07-03,buy,0.0
2017-07-05,buy,0.0
2017-07-06,buy,0.0
2017-07-07,buy,0.0
2017-07-10,buy,0.0
2017-07-11,buy,0.0
2017-07-12,buy,0.0
2017-07-13,buy,0.0
2017-07-14,buy,0.0
2017-07-17,buy,0.0
2017-07-18,buy,0.0
2017-07-19,buy,0.0
2017-07-20,buy,0.0
2017-07-21,buy,0.0
2017-07-24,buy,0.0
2017-07-25,buy,0.0
2017-07-26,buy,0.0
2017-07-27,buy,0.0
2017-07-28,buy,0.0
2017-07-31,buy,0.0
2017-08-01,buy,0.0
2017-08-02,buy,0.0
2017-08-03,buy,0.0
2017-08-04,buy,0.0
2017-08-07,buy,0.0
2017-08-08,buy,0.0
2017-08-09,buy,0.0
2017-08-10,buy,0.0
2017-08-11,buy,0.0
2017-08-14,buy,0.0
2017-08-15,buy,0.0
2017-08-16,buy,0.0
2017-08-17,buy,0.0
2017-08-18,buy,0.0
2017-08-21,buy,0.0
2017-08-22,buy,0.0
2017-08-23,buy,0.0
2017-08-24,buy,0.0
2017-08-25,buy,0.0
2017-08-28,buy,0.0
2017-08-29,buy,0.0
2017-08-30,buy,0.0
2017-08-31,buy,0.0
2017-09-01,buy,0.0
2017-09-05,buy,0.0
2017-09-06,buy,0.0
2017-09-07,buy,0.0
2017-09-08,buy,0.0
2017-09-11,buy,0.0
2017-09-12,buy,0.0
2017-09-13,buy,0.0
2017-09-14,buy,0.0
2017-09-15,buy,0.0
2017-09-18,buy,0.0
2017-09-19,buy,0.0
2017-09-20,buy,0.0
2017-09-21,buy,0.0
2017-09-22,buy,0.0
2017-09-25,buy,0.0
2017-09-26,buy,0.0
2017-09-27,buy,0.0
2017-09-28,buy,0.0
2017-09-29,buy,0.0
2017-10-02,buy,0.0
2017-10-03,buy,0.0
2017-10-04,buy,0.0
2017-10-05,buy,0.0
2017-10-06,buy,0.0
2017-10-09,buy,0.0
2017-10-10,buy,0.0
2017-10-11,buy,0.0
2017-10-12,buy,0.0
2017-10-13,buy,0.0
2017-10-16,buy,0.0
2017-10-17,buy,0.0
2017-10-18,buy,0.0
2017-10-19,buy,0.0
2017-10-20,buy,0.0
2017-10-23,buy,0.0
2017-10-24,buy,0.0
2017-10-25,buy,0.0
2017-10-26,buy,0.0
2017-10-27,buy,0.0
2017-10-30,buy,0.0
2017-10-31,buy,0.0
2017-11-01,buy,0.0
2017-11-02,buy,0.0
2017-11-03,buy,0.0
2017-11-06,buy,0.0
2017-11-07,buy,0.0
2017-11-08,buy,0.0
2017-11-09,buy,0.0
2017-11-10,buy,0.0
2017-11-13,buy,0.0
2017-11-14,buy,0.0
2017-11-15,buy,0.0
2017-11-16,buy,0.0
2017-11-17,buy,0.0
2017-11-20,buy,0.0
2017-11-21,buy,0.0
2017-11-22,buy,0.0
2017-11-24,buy,0.0
2017-11-27,buy,0.0
2017-11-28,buy,0.0
2017-11-29,buy,0.0
2017-11-30,buy,0.0
2017-12-01,buy,0.0
2017-12-04,buy,0.0
2017-12-05,buy,0.0
2017-12-06,buy,0.0
2017-12-07,buy,0.0
2017-12-08,buy,0.0
2017-12-11,buy,0.0
2017-12-12,buy,0.0
2017-12-13,buy,0.0
2017-12-14,buy,0.0
2017-12-15,buy,0.0
2017-12-18,buy,0.0
2017-12-19,buy,0.0
2017-12-20,buy,0.0
2017-12-21,buy,0.0
2017-12-22,buy,0.0
2017-12-26,buy,0.0
2017-12-27,buy,0.0
2017-12-28,buy,0.0
2017-12-29,buy,0.0
2018-01-02,buy,0.0
2018-01-03,buy,0.0
2018-01-04,buy,0.0
2018-01-05,buy,0.0
2018-01-08,buy,0.0
2018-01-09,buy,0.0
2018-01-10,buy,0.0
2018-01-11,buy,0.0
2018-01-12,buy,0.0
2018-01-16,buy,0.0
2018-01-17,buy,0.0
2018-01-18,buy,0.0
2018-01-19,buy,0.0
2018-01-22,buy,0.0
2018-01-23,buy,0.0
2018-01-24,buy,0.0
2018-01-25,buy,0.0
2018-01-26,buy,0.0
2018-01-29,buy,0.0
2018-01-30,buy,0.0
2018-01-31,buy,0.0
2018-02-01,buy,0.0
2018-02-02,buy,0.0
2018-02-05,buy,0.0
2018-02-06,buy,0.0
2018-02-07,buy,0.0
2018-02-08,buy,0.0
2018-02-09,buy,0.0
2018-02-12,buy,0.0
2018-02-13,buy,0.0
2018-02-14,buy,0.0
2018-02-15,buy,0.0
2018-02-16,buy,0.0
2018-02-20,buy,0.0
2018-02-21,buy,0.0
2018-02-22,buy,0.0
2018-02-23,buy,0.0
2018-02-26,buy,0.0
2018-02-27,buy,0.0
2018-02-28,buy,0.0
2018-03-01,buy,0.0
2018-03-02,buy,0.0
2018-03-05,buy,0.0
2018-03-06,buy,0.0
2018-03-07,buy,0.0
2018-03-08,buy,0.0
2018-03-09,buy,0.0
2018-03-12,buy,0.0
2018-03-13,buy,0.0
2018-03-14,buy,0.0
2018-03-15,buy,0.0
2018-03-16,buy,0.0
2018-03-19,buy,0.0
2018-03-20,buy,0.0
2018-03-21,buy,0.0
2018-03-22,buy,0.0
2018-03-23,buy,0.0
2018-03-26,buy,0.0
2018-03-27,buy,0.0
2018-03-28,buy,0.0
2018-03-29,buy,0.0
2018-04-02,buy,0.0
2018-04-03,buy,0.0
2018-04-04,buy,0.0
2018-04-05,buy,0.0
2018-04-06,buy,0.0
2018-04-09,buy,0.0
2018-04-10,buy,0.0
2018-04-11,buy,0.0
2018-04-12,buy,0.0
2018-04-13,buy,0.0
2018-04-16,buy,0.0
2018-04-17,buy,0.0
2018-04-18,buy,0.0
2018-04-19,buy,0.0
2018-04-20,buy,0.0
2018-04-23,buy,0.0
2018-04-24,buy,0.0
2018-04-25,buy,0.0
2018-04-26,buy,0.0
2018-04-27,buy,0.0
2018-04-30,buy,0.0
2018-05-01,buy,0.0
2018-05-02,buy,0.0
2018-05-03,buy,0.0
2018-05-04,buy,0.0
2018-05-07,buy,0.0
2018-05-08,buy,0.0
2018-05-09,buy,0.0
2018-05-10,buy,0.0
2018-05-11,buy,0.0
2018-05-14,buy,0.0
2018-05-15,buy,0.0
2018-05-16,buy,0.0
2018-05-17,buy,0.0
2018-05-18,buy,0.0
2018-05-21,buy,0.0
2018-05-22,buy,0.0
2018-05-23,buy,0.0
2018-05-24,buy,0.0
2018-05-25,buy,0.0
2018-05-29,buy,0.0
2018-05-30,buy,0.0
2018-05-31,buy,0.0
2018-06-01,buy,0.0
2018-06-04,buy,0.0
2018-06-05,buy,0.0
2018-06-06,buy,0.0
2018-06-07,buy,0.0
2018-06-08,buy,0.0
2018-06-11,buy,0.0
2018-06-12,buy,0.0
2018-06-13,buy,0.0
2018-06-14,buy,0.0
2018-06-15,buy,0.0
2018-06-18,buy,0.0
2018-06-19,buy,0.0
2018-06-20,buy,0.0
2018-06-21,buy,0.0
2018-06-22,buy,0.0
2018-06-25,buy,0.0
2018-06-26,buy,0.0
2018-06-27,buy,0.0
2018-06-28,buy,0.0
2018-06-29,buy,0.0
2018-07-02,buy,0.0
2018-07-03,buy,0.0
2018-07-05,buy,0.0
2018-07-06,buy,0.0
2018-07-09,buy,0.0
2018-07-10,buy,0.0
2018-07-11,buy,0.0
2018-07-12,buy,0.0
2018-07-13,buy,0.0
2018-07-16,buy,0.0
2018-07-17,buy,0.0
2018-07-18,buy,0.0
2018-07-19,buy,0.0
2018-07-20,buy,0.0
2018-07-23,buy,0.0
2018-07-24,buy,0.0
2018-07-25,buy,0.0
2018-07-26,buy,0.0
2018-07-27,buy,0.0
2018-07-30,buy,0.0
2018-07-31,buy,0.0
2018-08-01,buy,0.0
2018-08-02,buy,0.0
2018-08-03,buy,0.0
2018-08-06,buy,0.0
2018-08-07,buy,0.0
2018-08-08,buy,0.0
2018-08-09,buy,0.0
2018-08-10,buy,0.0
2018-08-13,buy,0.0
2018-08-14,buy,0.0
2018-08-15,buy,0.0
2018-08-16,buy,0.0
2018-08-17,buy,0.0
2018-08-20,buy,0.0
2018-08-21,buy,0.0
2018-08-22,buy,0.0
2018-08-23,buy,0.0
2018-08-24,buy,0.0
2018-08-27,buy,0.0
2018-08-28,buy,0.0
2018-08-29,buy,0.0
2018-08-30,buy,0.0
2018-08-31,buy,0.0
2018-09-04,buy,0.0
2018-09-05,buy,0.0
2018-09-06,buy,0.0
2018-09-07,buy,0.0
2018-09-10,buy,0.0
2018-09-11,buy,0.0
2018-09-12,buy,0.0
2018-09-13,buy,0.0
2018-09-14,buy,0.0
2018-09-17,buy,0.0
2018-09-18,buy,0.0
2018-09-19,buy,0.0
2018-09-20,buy,0.0
2018-09-21,buy,0.0
2018-09-24,buy,0.0
2018-09-25,buy,0.0
2018-09-26,buy,0.0
2018-09-27,buy,0.0
2018-09-28,buy,0.0
2018-10-01,buy,0.0
2018-10-02,buy,0.0
2018-10-03,buy,0.0
2018-10-04,buy,0.0
2018-10-05,buy,0.0
2018-10-08,buy,0.0
2018-10-09,buy,0.0
2018-10-10,buy,0.0
2018-10-11,buy,0.0
2018-10-12,buy,0.0
2018-10-15,buy,0.0
2018-10-16,buy,0.0
2018-10-17,buy,0.0
2018-10-18,buy,0.0
2018-10-19,buy,0.0
2018-10-22,buy,0.0
2018-10-23,buy,0.0
2018-10-24,buy,0.0
2018-10-25,buy,0.0
2018-10-26,buy,0.0
2018-10-29,buy,0.0
2018-10-30,buy,0.0
2018-10-31,buy,0.0
2018-11-01,buy,0.0
2018-11-02,sell,-1.0
2018-11-05,sell,0.0
2018-11-06,sell,0.0
2018-11-07,sell,0.0
2018-11-08,sell,0.0
2018-11-09,sell,0.0
2018-11-12,sell,0.0
2018-11-13,sell,0.0
2018-11-14,sell,0.0
2018-11-15,sell,0.0
2018-11-16,sell,0.0
2018-11-19,sell,0.0
2018-11-20,sell,0.0
2018-11-21,sell,0.0
2018-11-23,sell,0.0
2018-11-26,sell,0.0
2018-11-27,sell,0.0
2018-11-28,sell,0.0
2018-11-29,sell,0.0
2018-11-30,sell,0.0
2018-12-03,sell,0.0
2018-12-04,sell,0.0
2018-12-06,sell,0.0
2018-12-07,sell,0.0
2018-12-10,sell,0.0
2018-12-11,sell,0.0
2018-12-12,sell,0.0
2018-12-13,sell,0.0
2018-12-14,sell,0.0
2018-12-17,sell,0.0
2018-12-18,sell,0.0
2018-12-19,sell,0.0
2018-12-20,sell,0.0
2018-12-21,sell,0.0
2018-12-24,sell,0.0
2018-12-26,sell,0.0
2018-12-27,sell,0.0
2018-12-28,sell,0.0
2018-12-31,sell,0.0
2019-01-02,sell,0.0
2019-01-03,sell,0.0
2019-01-04,sell,0.0
2019-01-07,sell,0.0
2019-01-08,sell,0.0
2019-01-09,sell,0.0
2019-01-10,sell,0.0
2019-01-11,sell,0.0
2019-01-14,sell,0.0
2019-01-15,sell,0.0
2019-01-16,sell,0.0
2019-01-17,sell,0.0
2019-01-18,sell,0.0
2019-01-22,sell,0.0
2019-01-23,sell,0.0
2019-01-24,sell,0.0
2019-01-25,sell,0.0
2019-01-28,sell,0.0
2019-01-29,sell,0.0
2019-01-30,sell,0.0
2019-01-31,sell,0.0
2019-02-01,sell,0.0
2019-02-04,sell,0.0
2019-02-05,sell,0.0
2019-02-06,sell,0.0
2019-02-07,sell,0.0
2019-02-08,sell,0.0
2019-02-11,sell,0.0
2019-02-12,sell,0.0
2019-02-13,sell,0.0
2019-02-14,sell,0.0
2019-02-15,sell,0.0
2019-02-19,sell,0.0
2019-02-20,sell,0.0
2019-02-21,sell,0.0
2019-02-22,sell,0.0
2019-02-25,sell,0.0
2019-02-26,sell,0.0
2019-02-27,sell,0.0
2019-02-28,sell,0.0
2019-03-01,sell,0.0
2019-03-04,sell,0.0
2019-03-05,sell,0.0
2019-03-06,sell,0.0
2019-03-07,sell,0.0
2019-03-08,sell,0.0
2019-03-11,sell,0.0
2019-03-12,sell,0.0
2019-03-13,sell,0.0
2019-03-14,sell,0.0
2019-03-15,sell,0.0
2019-03-18,sell,0.0
2019-03-19,sell,0.0
2019-03-20,sell,0.0
2019-03-21,sell,0.0
2019-03-22,sell,0.0
2019-03-25,sell,0.0
2019-03-26,sell,0.0
2019-03-27,sell,0.0
2019-03-28,sell,0.0
2019-03-29,sell,0.0
2019-04-01,sell,0.0
2019-04-02,sell,0.0
2019-04-03,sell,0.0
2019-04-04,sell,0.0
2019-04-05,sell,0.0
2019-04-08,sell,0.0
2019-04-09,sell,0.0
2019-04-10,sell,0.0
2019-04-11,sell,0.0
2019-04-12,sell,0.0
2019-04-15,sell,0.0
2019-04-16,sell,0.0
2019-04-17,sell,0.0
2019-04-18,sell,0.0
2019-04-22,sell,0.0
2019-04-23,sell,0.0
2019-04-24,sell,0.0
2019-04-25,sell,0.0
2019-04-26,buy,1.0
2019-04-29,buy,0.0
2019-04-30,buy,0.0
2019-05-01,buy,0.0
2019-05-02,buy,0.0
2019-05-03,buy,0.0
2019-05-06,buy,0.0
2019-05-07,buy,0.0
2019-05-08,buy,0.0
2019-05-09,buy,0.0
2019-05-10,buy,0.0
2019-05-13,buy,0.0
2019-05-14,buy,0.0
2019-05-15,buy,0.0
2019-05-16,buy,0.0
2019-05-17,buy,0.0
2019-05-20,buy,0.0
2019-05-21,buy,0.0
2019-05-22,buy,0.0
2019-05-23,buy,0.0
2019-05-24,buy,0.0
2019-05-28,buy,0.0
2019-05-29,buy,0.0
2019-05-30,buy,0.0
2019-05-31,buy,0.0
2019-06-03,buy,0.0
2019-06-04,buy,0.0
2019-06-05,buy,0.0
2019-06-06,buy,0.0
2019-06-07,buy,0.0
2019-06-10,buy,0.0
2019-06-11,buy,0.0
2019-06-12,buy,0.0
2019-06-13,buy,0.0
2019-06-14,buy,0.0
2019-06-17,buy,0.0
2019-06-18,buy,0.0
2019-06-19,sell,-1.0
2019-06-20,sell,0.0
2019-06-21,sell,0.0
2019-06-24,sell,0.0
2019-06-25,sell,0.0
2019-06-26,sell,0.0
2019-06-27,sell,0.0
2019-06-28,sell,0.0
2019-07-01,sell,0.0
2019-07-02,sell,0.0
2019-07-03,sell,0.0
2019-07-05,sell,0.0
2019-07-08,sell,0.0
2019-07-09,sell,0.0
2019-07-10,sell,0.0
2019-07-11,sell,0.0
2019-07-12,sell,0.0
2019-07-15,sell,0.0
2019-07-16,sell,0.0
2019-07-17,sell,0.0
2019-07-18,sell,0.0
2019-07-19,sell,0.0
2019-07-22,sell,0.0
2019-07-23,sell,0.0
2019-07-24,sell,0.0
2019-07-25,sell,0.0
2019-07-26,sell,0.0
2019-07-29,sell,0.0
2019-07-30,sell,0.0
2019-07-31,sell,0.0
2019-08-01,sell,0.0
2019-08-02,sell,0.0
2019-08-05,sell,0.0
2019-08-06,sell,0.0
2019-08-07,sell,0.0
2019-08-08,sell,0.0
2019-08-09,buy,1.0
2019-08-12,buy,0.0
2019-08-13,buy,0.0
2019-08-14,buy,0.0
2019-08-15,buy,0.0
2019-08-16,buy,0.0
2019-08-19,buy,0.0
2019-08-20,buy,0.0
2019-08-21,buy,0.0
2019-08-22,buy,0.0
2019-08-23,buy,0.0
2019-08-26,buy,0.0
2019-08-27,buy,0.0
2019-08-28,buy,0.0
2019-08-29,buy,0.0
2019-08-30,buy,0.0
2019-09-03,buy,0.0
2019-09-04,buy,0.0
2019-09-05,buy,0.0
2019-09-06,buy,0.0
2019-09-09,buy,0.0
2019-09-10,buy,0.0
2019-09-11,buy,0.0
2019-09-12,buy,0.0
2019-09-13,buy,0.0
2019-09-16,buy,0.0
2019-09-17,buy,0.0
2019-09-18,buy,0.0
2019-09-19,buy,0.0
2019-09-20,buy,0.0
2019-09-23,buy,0.0
2019-09-24,buy,0.0
2019-09-25,buy,0.0
2019-09-26,buy,0.0
2019-09-27,buy,0.0
2019-09-30,buy,0.0
2019-10-01,buy,0.0
2019-10-02,buy,0.0
2019-10-03,buy,0.0
2019-10-04,buy,0.0
2019-10-07,buy,0.0
2019-10-08,buy,0.0
2019-10-09,buy,0.0
2019-10-10,buy,0.0
2019-10-11,buy,0.0
2019-10-14,buy,0.0
2019-10-15,buy,0.0
2019-10-16,buy,0.0
2019-10-17,buy,0.0
2019-10-18,buy,0.0
2019-10-21,buy,0.0
2019-10-22,buy,0.0
2019-10-23,buy,0.0
2019-10-24,buy,0.0
2019-10-25,buy,0.0
2019-10-28,buy,0.0
2019-10-29,buy,0.0
2019-10-30,buy,0.0
2019-10-31,buy,0.0
2019-11-01,buy,0.0
2019-11-04,buy,0.0
2019-11-05,buy,0.0
2019-11-06,buy,0.0
2019-11-07,buy,0.0
2019-11-08,buy,0.0
2019-11-11,buy,0.0
2019-11-12,buy,0.0
2019-11-13,buy,0.0
2019-11-14,buy,0.0
2019-11-15,buy,0.0
2019-11-18,buy,0.0
2019-11-19,buy,0.0
2019-11-20,buy,0.0
2019-11-21,buy,0.0
2019-11-22,buy,0.0
2019-11-25,buy,0.0
2019-11-26,buy,0.0
2019-11-27,buy,0.0
2019-11-29,buy,0.0
2019-12-02,buy,0.0
2019-12-03,buy,0.0
2019-12-04,buy,0.0
2019-12-05,buy,0.0
2019-12-06,buy,0.0
2019-12-09,buy,0.0
2019-12-10,buy,0.0
2019-12-11,buy,0.0
2019-12-12,buy,0.0
2019-12-13,buy,0.0
2019-12-16,buy,0.0
2019-12-17,buy,0.0
2019-12-18,buy,0.0
2019-12-19,buy,0.0
2019-12-20,buy,0.0
2019-12-23,buy,0.0
2019-12-24,buy,0.0
2019-12-26,buy,0.0
2019-12-27,buy,0.0
2019-12-30,buy,0.0
2019-12-31,buy,0.0
2020-01-02,buy,0.0
2020-01-03,buy,0.0
2020-01-06,buy,0.0
2020-01-07,buy,0.0
2020-01-08,buy,0.0
2020-01-09,buy,0.0
2020-01-10,buy,0.0
2020-01-13,buy,0.0
2020-01-14,buy,0.0
2020-01-15,buy,0.0
2020-01-16,buy,0.0
2020-01-17,buy,0.0
2020-01-21,buy,0.0
2020-01-22,buy,0.0
2020-01-23,buy,0.0
2020-01-24,buy,0.0
2020-01-27,buy,0.0
2020-01-28,buy,0.0
2020-01-29,buy,0.0
2020-01-30,buy,0.0
2020-01-31,buy,0.0
2020-02-03,buy,0.0
2020-02-04,buy,0.0
2020-02-05,buy,0.0
2020-02-06,buy,0.0
2020-02-07,buy,0.0
2020-02-10,buy,0.0
2020-02-11,buy,0.0
2020-02-12,buy,0.0
2020-02-13,buy,0.0
2020-02-14,buy,0.0
2020-02-18,buy,0.0
2020-02-19,buy,0.0
2020-02-20,buy,0.0
2020-02-21,buy,0.0
2020-02-24,buy,0.0
2020-02-25,buy,0.0
2020-02-26,buy,0.0
2020-02-27,buy,0.0
2020-02-28,buy,0.0
2020-03-02,buy,0.0
2020-03-03,buy,0.0
2020-03-04,buy,0.0
2020-03-05,buy,0.0
2020-03-06,buy,0.0
2020-03-09,buy,0.0
2020-03-10,buy,0.0
2020-03-11,buy,0.0
2020-03-12,buy,0.0
2020-03-13,buy,0.0
2020-03-16,buy,0.0
2020-03-17,buy,0.0
2020-03-18,buy,0.0
2020-03-19,buy,0.0
2020-03-20,buy,0.0
2020-03-23,buy,0.0
2020-03-24,buy,0.0
2020-03-25,buy,0.0
2020-03-26,buy,0.0
2020-03-27,buy,0.0
2020-03-30,buy,0.0
2020-03-31,buy,0.0
2020-04-01,buy,0.0
2020-04-02,buy,0.0
2020-04-03,buy,0.0
2020-04-06,buy,0.0
2020-04-07,buy,0.0
2020-04-08,buy,0.0
2020-04-09,buy,0.0
2020-04-13,buy,0.0
2020-04-14,buy,0.0
2020-04-15,buy,0.0
2020-04-16,buy,0.0
2020-04-17,buy,0.0
2020-04-20,buy,0.0
2020-04-21,buy,0.0
2020-04-22,buy,0.0
2020-04-23,buy,0.0
2020-04-24,buy,0.0
2020-04-27,buy,0.0
2020-04-28,buy,0.0
2020-04-29,buy,0.0
2020-04-30,buy,0.0
2020-05-01,buy,0.0
2020-05-04,buy,0.0
2020-05-05,buy,0.0
2020-05-06,buy,0.0
2020-05-07,buy,0.0
2020-05-08,buy,0.0
2020-05-11,buy,0.0
2020-05-12,buy,0.0
2020-05-13,buy,0.0
2020-05-14,buy,0.0
2020-05-15,buy,0.0
2020-05-18,buy,0.0
2020-05-19,buy,0.0
2020-05-20,buy,0.0
2020-05-21,buy,0.0
2020-05-22,buy,0.0
2020-05-26,buy,0.0
2020-05-27,buy,0.0
2020-05-28,buy,0.0
2020-05-29,buy,0.0
2020-06-01,buy,0.0
2020-06-02,buy,0.0
2020-06-03,buy,0.0
2020-06-04,buy,0.0
2020-06-05,buy,0.0
2020-06-08,buy,0.0
2020-06-09,buy,0.0
2020-06-10,buy,0.0
2020-06-11,buy,0.0
2020-06-12,buy,0.0
2020-06-15,buy,0.0
2020-06-16,buy,0.0
2020-06-17,buy,0.0
2020-06-18,buy,0.0
2020-06-19,buy,0.0
2020-06-22,buy,0.0
2020-06-23,buy,0.0
2020-06-24,buy,0.0
2020-06-25,buy,0.0
2020-06-26,buy,0.0
2020-06-29,buy,0.0
2020-06-30,buy,0.0
2020-07-01,buy,0.0
2020-07-02,buy,0.0
2020-07-06,buy,0.0
2020-07-07,buy,0.0
2020-07-08,buy,0.0
2020-07-09,buy,0.0
2020-07-10,buy,0.0
2020-07-13,buy,0.0
2020-07-14,buy,0.0
2020-07-15,buy,0.0
2020-07-16,buy,0.0
2020-07-17,buy,0.0
2020-07-20,buy,0.0
2020-07-21,buy,0.0
2020-07-22,buy,0.0
2020-07-23,buy,0.0
2020-07-24,buy,0.0
2020-07-27,buy,0.0
2020-07-28,buy,0.0
2020-07-29,buy,0.0
2020-07-30,buy,0.0
2020-07-31,buy,0.0
2020-08-03,buy,0.0
2020-08-04,buy,0.0
2020-08-05,buy,0.0
2020-08-06,buy,0.0
2020-08-07,buy,0.0
2020-08-10,buy,0.0
2020-08-11,buy,0.0
2020-08-12,buy,0.0
2020-08-13,buy,0.0
2020-08-14,buy,0.0
2020-08-17,buy,0.0
2020-08-18,buy,0.0
2020-08-19,buy,0.0
2020-08-20,buy,0.0
2020-08-21,buy,0.0
2020-08-24,buy,0.0
2020-08-25,buy,0.0
2020-08-26,buy,0.0
2020-08-27,buy,0.0
2020-08-28,buy,0.0
2020-08-31,buy,0.0
2020-09-01,buy,0.0
2020-09-02,buy,0.0
2020-09-03,buy,0.0
2020-09-04,buy,0.0
2020-09-08,buy,0.0
2020-09-09,buy,0.0
2020-09-10,buy,0.0
2020-09-11,buy,0.0
2020-09-14,buy,0.0
2020-09-15,buy,0.0
2020-09-16,buy,0.0
2020-09-17,buy,0.0
2020-09-18,buy,0.0
2020-09-21,buy,0.0
2020-09-22,buy,0.0
2020-09-23,buy,0.0
2020-09-24,buy,0.0
2020-09-25,buy,0.0
2020-09-28,buy,0.0
2020-09-29,buy,0.0
2020-09-30,buy,0.0
2020-10-01,buy,0.0
2020-10-02,buy,0.0
2020-10-05,buy,0.0
2020-10-06,buy,0.0
2020-10-07,buy,0.0
2020-10-08,buy,0.0
2020-10-09,buy,0.0
2020-10-12,buy,0.0
2020-10-13,buy,0.0
2020-10-14,buy,0.0
2020-10-15,buy,0.0
2020-10-16,buy,0.0
2020-10-19,buy,0.0
2020-10-20,buy,0.0
2020-10-21,buy,0.0
2020-10-22,buy,0.0
2020-10-23,buy,0.0
2020-10-26,buy,0.0
2020-10-27,buy,0.0
2020-10-28,buy,0.0
2020-10-29,buy,0.0
2020-10-30,buy,0.0
2020-11-02,buy,0.0
2020-11-03,buy,0.0
2020-11-04,buy,0.0
2020-11-05,buy,0.0
2020-11-06,buy,0.0
2020-11-09,buy,0.0
2020-11-10,buy,0.0
2020-11-11,buy,0.0
2020-11-12,buy,0.0
2020-11-13,buy,0.0
2020-11-16,buy,0.0
2020-11-17,buy,0.0
2020-11-18,buy,0.0
2020-11-19,buy,0.0
2020-11-20,buy,0.0
2020-11-23,buy,0.0
2020-11-24,buy,0.0
2020-11-25,buy,0.0
2020-11-27,buy,0.0
2020-11-30,buy,0.0
2020-12-01,buy,0.0
2020-12-02,buy,0.0
2020-12-03,buy,0.0
2020-12-04,buy,0.0
2020-12-07,buy,0.0
2020-12-08,buy,0.0
2020-12-09,buy,0.0
2020-12-10,buy,0.0
2020-12-11,buy,0.0
2020-12-14,buy,0.0
2020-12-15,buy,0.0
2020-12-16,buy,0.0
2020-12-17,buy,0.0
2020-12-18,buy,0.0
2020-12-21,buy,0.0
2020-12-22,buy,0.0
2020-12-23,buy,0.0
2020-12-24,buy,0.0
2020-12-28,buy,0.0
2020-12-29,buy,0.0
2020-12-30,buy,0.0
2020-12-31,buy,0.0
2021-01-04,buy,0.0
2021-01-05,buy,0.0
2021-01-06,buy,0.0
2021-01-07,buy,0.0
2021-01-08,buy,0.0
2021-01-11,buy,0.0
2021-01-12,buy,0.0
2021-01-13,buy,0.0
2021-01-14,buy,0.0
2021-01-15,buy,0.0
2021-01-19,buy,0.0
2021-01-20,buy,0.0
2021-01-21,buy,0.0
2021-01-22,buy,0.0
2021-01-25,buy,0.0
2021-01-26,buy,0.0
2021-01-27,buy,0.0
2021-01-28,buy,0.0
2021-01-29,buy,0.0
2021-02-01,buy,0.0
2021-02-02,buy,0.0
2021-02-03,buy,0.0
2021-02-04,buy,0.0
2021-02-05,buy,0.0
2021-02-08,buy,0.0
2021-02-09,buy,0.0
2021-02-10,buy,0.0
2021-02-11,buy,0.0
2021-02-12,buy,0.0
2021-02-16,buy,0.0
2021-02-17,buy,0.0
2021-02-18,buy,0.0
2021-02-19,buy,0.0
2021-02-22,buy,0.0
2021-02-23,buy,0.0
2021-02-24,buy,0.0
2021-02-25,buy,0.0
2021-02-26,buy,0.0
2021-03-01,buy,0.0
2021-03-02,buy,0.0
2021-03-03,buy,0.0
2021-03-04,buy,0.0
2021-03-05,buy,0.0
2021-03-08,buy,0.0
2021-03-09,buy,0.0
2021-03-10,buy,0.0
2021-03-11,buy,0.0
2021-03-12,buy,0.0
2021-03-15,buy,0.0
2021-03-16,buy,0.0
2021-03-17,buy,0.0
2021-03-18,buy,0.0
2021-03-19,buy,0.0
2021-03-22,buy,0.0
2021-03-23,buy,0.0
2021-03-24,buy,0.0
2021-03-25,buy,0.0
2021-03-26,buy,0.0
2021-03-29,buy,0.0
2021-03-30,buy,0.0
2021-03-31,buy,0.0
2021-04-01,buy,0.0
2021-04-05,buy,0.0
2021-04-06,buy,0.0
2021-04-07,buy,0.0
2021-04-08,buy,0.0
2021-04-09,buy,0.0
2021-04-12,buy,0.0
2021-04-13,buy,0.0
2021-04-14,buy,0.0
2021-04-15,buy,0.0
2021-04-16,buy,0.0
2021-04-19,buy,0.0
2021-04-20,buy,0.0
2021-04-21,buy,0.0
2021-04-22,buy,0.0
2021-04-23,buy,0.0
2021-04-26,buy,0.0
2021-04-27,buy,0.0
2021-04-28,buy,0.0
2021-04-29,buy,0.0
2021-04-30,buy,0.0
2021-05-03,buy,0.0
2021-05-04,buy,0.0
2021-05-05,buy,0.0
2021-05-06,buy,0.0
2021-05-07,buy,0.0
2021-05-10,buy,0.0
2021-05-11,buy,0.0
2021-05-12,buy,0.0
2021-05-13,buy,0.0
2021-05-14,buy,0.0
2021-05-17,buy,0.0
2021-05-18,buy,0.0
2021-05-19,buy,0.0
2021-05-20,buy,0.0
2021-05-21,buy,0.0
2021-05-24,buy,0.0
2021-05-25,buy,0.0
2021-05-26,buy,0.0
2021-05-27,buy,0.0
2021-05-28,buy,0.0
2021-06-01,buy,0.0
2021-06-02,buy,0.0
2021-06-03,buy,0.0
2021-06-04,buy,0.0
2021-06-07,buy,0.0
2021-06-08,buy,0.0
2021-06-09,buy,0.0
2021-06-10,buy,0.0
2021-06-11,buy,0.0
2021-06-14,buy,0.0
2021-06-15,buy,0.0
2021-06-16,buy,0.0
2021-06-17,buy,0.0
2021-06-18,buy,0.0
2021-06-21,buy,0.0
2021-06-22,buy,0.0
2021-06-23,buy,0.0
2021-06-24,buy,0.0
2021-06-25,buy,0.0
2021-06-28,buy,0.0
2021-06-29,buy,0.0
2021-06-30,buy,0.0
2021-07-01,buy,0.0
2021-07-02,buy,0.0
2021-07-06,buy,0.0
2021-07-07,buy,0.0
2021-07-08,buy,0.0
2021-07-09,buy,0.0
2021-07-12,buy,0.0
2021-07-13,buy,0.0
2021-07-14,buy,0.0
2021-07-15,buy,0.0
2021-07-16,buy,0.0
2021-07-19,buy,0.0
2021-07-20,buy,0.0
2021-07-21,buy,0.0
2021-07-22,buy,0.0
2021-07-23,buy,0.0
2021-07-26,buy,0.0
2021-07-27,buy,0.0
2021-07-28,buy,0.0
2021-07-29,buy,0.0
2021-07-30,buy,0.0
2021-08-02,buy,0.0
2021-08-03,buy,0.0
2021-08-04,buy,0.0
2021-08-05,buy,0.0
2021-08-06,buy,0.0
2021-08-09,buy,0.0
2021-08-10,buy,0.0
2021-08-11,buy,0.0
2021-08-12,buy,0.0
2021-08-13,buy,0.0
2021-08-16,buy,0.0
2021-08-17,buy,0.0
2021-08-18,buy,0.0
2021-08-19,buy,0.0
2021-08-20,buy,0.0
2021-08-23,buy,0.0
2021-08-24,buy,0.0
2021-08-25,buy,0.0
2021-08-26,buy,0.0
2021-08-27,buy,0.0
2021-08-30,buy,0.0
2021-08-31,buy,0.0
2021-09-01,buy,0.0
2021-09-02,buy,0.0
2021-09-03,buy,0.0
2021-09-07,buy,0.0
2021-09-08,buy,0.0
2021-09-09,buy,0.0
2021-09-10,buy,0.0
2021-09-13,buy,0.0
2021-09-14,buy,0.0
2021-09-15,buy,0.0
2021-09-16,buy,0.0
2021-09-17,buy,0.0
2021-09-20,buy,0.0
2021-09-21,buy,0.0
2021-09-22,buy,0.0
2021-09-23,buy,0.0
2021-09-24,buy,0.0
2021-09-27,buy,0.0
2021-09-28,buy,0.0
2021-09-29,buy,0.0
2021-09-30,buy,0.0
2021-10-01,buy,0.0
2021-10-04,buy,0.0
2021-10-05,buy,0.0
2021-10-06,buy,0.0
2021-10-07,buy,0.0
2021-10-08,buy,0.0
2021-10-11,buy,0.0
2021-10-12,buy,0.0
2021-10-13,buy,0.0
2021-10-14,buy,0.0
2021-10-15,buy,0.0
2021-10-18,buy,0.0
2021-10-19,buy,0.0
2021-10-20,buy,0.0
2021-10-21,buy,0.0
2021-10-22,buy,0.0
2021-10-25,buy,0.0
2021-10-26,buy,0.0
2021-10-27,buy,0.0
2021-10-28,buy,0.0
2021-10-29,buy,0.0
2021-11-01,buy,0.0
2021-11-02,buy,0.0
2021-11-03,buy,0.0
2021-11-04,buy,0.0
2021-11-05,buy,0.0
2021-11-08,buy,0.0
2021-11-09,buy,0.0
2021-11-10,buy,0.0
2021-11-11,buy,0.0
2021-11-12,buy,0.0
2021-11-15,buy,0.0
2021-11-16,buy,0.0
2021-11-17,buy,0.0
2021-11-18,buy,0.0
2021-11-19,buy,0.0
2021-11-22,buy,0.0
2021-11-23,buy,0.0
2021-11-24,buy,0.0
2021-11-26,buy,0.0
2021-11-29,buy,0.0
2021-11-30,buy,0.0
2021-12-01,buy,0.0
2021-12-02,buy,0.0
2021-12-03,buy,0.0
2021-12-06,buy,0.0
2021-12-07,buy,0.0
2021-12-08,buy,0.0
2021-12-09,buy,0.0
2021-12-10,buy,0.0
2021-12-13,buy,0.0
2021-12-14,buy,0.0
2021-12-15,buy,0.0
2021-12-16,buy,0.0
2021-12-17,buy,0.0
2021-12-20,buy,0.0
2021-12-21,buy,0.0
2021-12-22,buy,0.0
2021-12-23,buy,0.0
2021-12-27,buy,0.0
2021-12-28,buy,0.0
2021-12-29,buy,0.0
2021-12-30,buy,0.0
2021-12-31,buy,0.0
2022-01-03,buy,0.0
2022-01-04,buy,0.0
2022-01-05,buy,0.0
2022-01-06,buy,0.0
2022-01-07,buy,0.0
2022-01-10,buy,0.0
2022-01-11,buy,0.0
2022-01-12,buy,0.0
2022-01-13,buy,0.0
2022-01-14,buy,0.0
2022-01-18,buy,0.0
2022-01-19,buy,0.0
2022-01-20,buy,0.0
2022-01-21,buy,0.0
2022-01-24,buy,0.0
2022-01-25,buy,0.0
2022-01-26,buy,0.0
2022-01-27,buy,0.0
2022-01-28,buy,0.0
2022-01-31,buy,0.0
2022-02-01,buy,0.0
2022-02-02,buy,0.0
2022-02-03,buy,0.0
2022-02-04,buy,0.0
2022-02-07,buy,0.0
2022-02-08,buy,0.0
2022-02-09,buy,0.0
2022-02-10,buy,0.0
2022-02-11,buy,0.0
2022-02-14,buy,0.0
2022-02-15,buy,0.0
2022-02-16,buy,0.0
2022-02-17,buy,0.0
2022-02-18,buy,0.0
2022-02-22,buy,0.0
2022-02-23,buy,0.0
2022-02-24,buy,0.0
2022-02-25,buy,0.0
2022-02-28,buy,0.0
2022-03-01,sell,-1.0
2022-03-02,sell,0.0
2022-03-03,sell,0.0
2022-03-04,sell,0.0
2022-03-07,sell,0.0
2022-03-08,sell,0.0
2022-03-09,sell,0.0
2022-03-10,sell,0.0
2022-03-11,sell,0.0
2022-03-14,sell,0.0
2022-03-15,sell,0.0
2022-03-16,sell,0.0
2022-03-17,sell,0.0
2022-03-18,sell,0.0
2022-03-21,sell,0.0
2022-03-22,sell,0.0
2022-03-23,sell,0.0
2022-03-24,sell,0.0
2022-03-25,sell,0.0
2022-03-28,sell,0.0
2022-03-29,sell,0.0
2022-03-30,sell,0.0
2022-03-31,sell,0.0
2022-04-01,sell,0.0
2022-04-04,sell,0.0
2022-04-05,sell,0.0
2022-04-06,sell,0.0
2022-04-07,sell,0.0
2022-04-08,sell,0.0
2022-04-11,sell,0.0
2022-04-12,sell,0.0
2022-04-13,sell,0.0
2022-04-14,sell,0.0
2022-04-18,sell,0.0
2022-04-19,sell,0.0
2022-04-20,sell,0.0
2022-04-21,sell,0.0
2022-04-22,sell,0.0
2022-04-25,sell,0.0
2022-04-26,sell,0.0
2022-04-27,sell,0.0
2022-04-28,sell,0.0
2022-04-29,sell,0.0
2022-05-02,sell,0.0
2022-05-03,sell,0.0
2022-05-04,sell,0.0
2022-05-05,sell,0.0
2022-05-06,sell,0.0
2022-05-09,sell,0.0
2022-05-10,sell,0.0
2022-05-11,sell,0.0
2022-05-12,sell,0.0
2022-05-13,sell,0.0
2022-05-16,sell,0.0
2022-05-17,sell,0.0
2022-05-18,sell,0.0
2022-05-19,sell,0.0
2022-05-20,sell,0.0
2022-05-23,sell,0.0
2022-05-24,sell,0.0
2022-05-25,sell,0.0
2022-05-26,sell,0.0
2022-05-27,sell,0.0
2022-05-31,sell,0.0
2022-06-01,sell,0.0
2022-06-02,sell,0.0
2022-06-03,sell,0.0
2022-06-06,sell,0.0
2022-06-07,sell,0.0
2022-06-08,sell,0.0
2022-06-09,sell,0.0
2022-06-10,sell,0.0
2022-06-13,sell,0.0
2022-06-14,sell,0.0
2022-06-15,sell,0.0
2022-06-16,sell,0.0
2022-06-17,sell,0.0
2022-06-21,sell,0.0
2022-06-22,sell,0.0
2022-06-23,sell,0.0
2022-06-24,sell,0.0
2022-06-27,sell,0.0
2022-06-28,sell,0.0
2022-06-29,sell,0.0
2022-06-30,sell,0.0
2022-07-01,sell,0.0
2022-07-05,sell,0.0
2022-07-06,sell,0.0
2022-07-07,sell,0.0
2022-07-08,sell,0.0
2022-07-11,sell,0.0
2022-07-12,sell,0.0
2022-07-13,sell,0.0
2022-07-14,sell,0.0
2022-07-15,sell,0.0
2022-07-18,sell,0.0
2022-07-19,sell,0.0
2022-07-20,sell,0.0
2022-07-21,sell,0.0
2022-07-22,sell,0.0
2022-07-25,sell,0.0
2022-07-26,sell,0.0
2022-07-27,sell,0.0
2022-07-28,sell,0.0
2022-07-29,sell,0.0
2022-08-01,sell,0.0
2022-08-02,sell,0.0
2022-08-03,sell,0.0
2022-08-04,sell,0.0
2022-08-05,sell,0.0
2022-08-08,sell,0.0
2022-08-09,sell,0.0
2022-08-10,sell,0.0
2022-08-11,sell,0.0
2022-08-12,sell,0.0
2022-08-15,sell,0.0
2022-08-16,sell,0.0
2022-08-17,sell,0.0
2022-08-18,sell,0.0
2022-08-19,sell,0.0
2022-08-22,sell,0.0
2022-08-23,sell,0.0
2022-08-24,sell,0.0
2022-08-25,sell,0.0
2022-08-26,sell,0.0
2022-08-29,sell,0.0
2022-08-30,sell,0.0
2022-08-31,sell,0.0
2022-09-01,sell,0.0
2022-09-02,sell,0.0
2022-09-06,sell,0.0
2022-09-07,sell,0.0
2022-09-08,sell,0.0
2022-09-09,sell,0.0
2022-09-12,sell,0.0
2022-09-13,sell,0.0
2022-09-14,sell,0.0
2022-09-15,sell,0.0
2022-09-16,sell,0.0
2022-09-19,sell,0.0
2022-09-20,sell,0.0
2022-09-21,sell,0.0
2022-09-22,sell,0.0
2022-09-23,sell,0.0
2022-09-26,sell,0.0
2022-09-27,sell,0.0
2022-09-28,sell,0.0
2022-09-29,sell,0.0
2022-09-30,sell,0.0
2022-10-03,sell,0.0
2022-10-04,sell,0.0
2022-10-05,sell,0.0
2022-10-06,sell,0.0
2022-10-07,sell,0.0
2022-10-10,sell,0.0
2022-10-11,sell,0.0
2022-10-12,sell,0.0
2022-10-13,sell,0.0
2022-10-14,sell,0.0
2022-10-17,sell,0.0
2022-10-18,sell,0.0
2022-10-19,sell,0.0
2022-10-20,sell,0.0
2022-10-21,sell,0.0
2022-10-24,sell,0.0
2022-10-25,sell,0.0
2022-10-26,sell,0.0
2022-10-27,sell,0.0
2022-10-28,sell,0.0
2022-10-31,sell,0.0
2022-11-01,sell,0.0
2022-11-02,sell,0.0
2022-11-03,sell,0.0
2022-11-04,sell,0.0
2022-11-07,sell,0.0
2022-11-08,sell,0.0
2022-11-09,sell,0.0
2022-11-10,sell,0.0
2022-11-11,sell,0.0
2022-11-14,sell,0.0
2022-11-15,sell,0.0
2022-11-16,sell,0.0
2022-11-17,sell,0.0
2022-11-18,sell,0.0
2022-11-21,sell,0.0
2022-11-22,sell,0.0
2022-11-23,sell,0.0
2022-11-25,sell,0.0
2022-11-28,sell,0.0
2022-11-29,sell,0.0
2022-11-30,sell,0.0
2022-12-01,sell,0.0
2022-12-02,sell,0.0
2022-12-05,sell,0.0
2022-12-06,sell,0.0
2022-12-07,sell,0.0
2022-12-08,sell,0.0
2022-12-09,sell,0.0
2022-12-12,sell,0.0
2022-12-13,sell,0.0
2022-12-14,sell,0.0
2022-12-15,sell,0.0
2022-12-16,sell,0.0
2022-12-19,buy,1.0
2022-12-20,buy,0.0
2022-12-21,buy,0.0
2022-12-22,buy,0.0
2022-12-23,buy,0.0
2022-12-27,buy,0.0
2022-12-28,buy,0.0
2022-12-29,buy,0.0
2022-12-30,buy,0.0
