,True_Signal,Predicted_Signal
2017-01-24,-0.6043956043956044,-1
2017-01-25,-0.5824175824175823,-1
2017-01-26,-0.5604395604395604,-1
2017-01-27,-0.5384615384615384,-1
2017-01-30,-0.5164835164835164,-1
2017-01-31,-0.4945054945054944,-1
2017-02-01,-0.4725274725274725,-1
2017-02-02,-0.4505494505494505,-1
2017-02-03,-0.4285714285714285,-1
2017-02-06,-0.4065934065934066,-1
2017-02-07,-0.3846153846153846,-1
2017-02-08,-0.3626373626373625,0
2017-02-09,-0.3406593406593405,0
2017-02-10,-0.3186813186813186,0
2017-02-13,-0.2967032967032966,0
2017-02-14,-0.2747252747252746,0
2017-02-15,-0.2527472527472527,-1
2017-02-16,-0.2307692307692307,-1
2017-02-17,-0.2087912087912087,-1
2017-02-21,-0.1868131868131867,-1
2017-02-22,-0.1648351648351648,-1
2017-02-23,-0.1428571428571428,-1
2017-02-24,-0.1208791208791207,-1
2017-02-27,-0.0989010989010988,-1
2017-02-28,-0.0769230769230768,-1
2017-03-01,-0.0549450549450548,-1
2017-03-02,-0.0329670329670328,-1
2017-03-03,-0.0109890109890109,-1
2017-03-06,0.0109890109890111,-1
2017-03-07,0.032967032967033,-1
2017-03-08,0.0549450549450549,-1
2017-03-09,0.0769230769230771,-1
2017-03-10,0.098901098901099,-1
2017-03-13,0.1208791208791209,-1
2017-03-14,0.142857142857143,-1
2017-03-15,0.1648351648351649,-1
2017-03-16,0.1868131868131868,-1
2017-03-17,0.2087912087912089,-1
2017-03-20,0.2307692307692308,-1
2017-03-21,0.2527472527472527,-1
2017-03-22,0.2747252747252748,-1
2017-03-23,0.2967032967032967,-1
2017-03-24,0.3186813186813189,-1
2017-03-27,0.3406593406593408,-1
2017-03-28,0.3626373626373627,-1
2017-03-29,0.3846153846153848,-1
2017-03-30,0.4065934065934067,-1
2017-03-31,0.4285714285714286,-1
2017-04-03,0.4505494505494507,-1
2017-04-04,0.4725274725274726,-1
2017-04-05,0.4945054945054945,-1
2017-04-06,0.5164835164835166,-1
2017-04-07,0.5384615384615385,-1
2017-04-10,0.5604395604395607,-1
2017-04-11,0.5824175824175826,-1
2017-04-12,0.6043956043956045,-1
2017-04-13,0.6263736263736266,-1
2017-04-17,0.6483516483516485,-1
2017-04-18,0.6703296703296704,-1
2017-04-19,0.6923076923076925,-1
2017-04-20,0.7142857142857144,-1
2017-04-21,0.7362637362637363,-1
2017-04-24,0.7582417582417584,-1
2017-04-25,0.7802197802197803,-1
2017-04-26,0.8021978021978022,-1
2017-04-27,0.8241758241758244,-1
2017-04-28,0.8461538461538463,-1
2017-05-01,0.8681318681318684,-1
2017-05-02,0.8901098901098903,-1
2017-05-03,0.9120879120879122,-1
2017-05-04,0.9340659340659344,-1
2017-05-05,0.9560439560439562,-1
2017-05-08,0.978021978021978,-1
2017-05-09,1.0,-1
2017-05-10,0.9047619047619048,-1
2017-05-11,0.8095238095238095,-1
2017-05-12,0.7142857142857143,-1
2017-05-15,0.6190476190476191,-1
2017-05-16,0.5238095238095238,-1
2017-05-17,0.4285714285714286,-1
2017-05-18,0.3333333333333333,-1
2017-05-19,0.2380952380952381,-1
2017-05-22,0.1428571428571429,-1
2017-05-23,0.0476190476190476,-1
2017-05-24,-0.0476190476190474,-1
2017-05-25,-0.1428571428571428,-1
2017-05-26,-0.2380952380952381,-1
2017-05-30,-0.3333333333333332,-1
2017-05-31,-0.4285714285714284,-1
2017-06-01,-0.5238095238095237,-1
2017-06-02,-0.6190476190476191,-1
2017-06-05,-0.7142857142857142,-1
2017-06-06,-0.8095238095238093,-1
2017-06-07,-0.9047619047619048,-1
2017-06-08,-1.0,-1
2017-06-09,-0.9555555555555556,-1
2017-06-12,-0.9111111111111112,-1
2017-06-13,-0.8666666666666667,-1
2017-06-14,-0.8222222222222222,-1
2017-06-15,-0.7777777777777778,-1
2017-06-16,-0.7333333333333334,-1
2017-06-19,-0.6888888888888889,-1
2017-06-20,-0.6444444444444444,-1
2017-06-21,-0.6,-1
2017-06-22,-0.5555555555555556,-1
2017-06-23,-0.5111111111111111,-1
2017-06-26,-0.4666666666666667,-1
2017-06-27,-0.4222222222222221,-1
2017-06-28,-0.3777777777777777,-1
2017-06-29,-0.3333333333333332,-1
2017-06-30,-0.2888888888888888,-1
2017-07-03,-0.2444444444444444,-1
2017-07-05,-0.1999999999999999,-1
2017-07-06,-0.1555555555555555,-1
2017-07-07,-0.111111111111111,-1
2017-07-10,-0.0666666666666666,-1
2017-07-11,-0.0222222222222221,-1
2017-07-12,0.0222222222222223,-1
2017-07-13,0.0666666666666666,-1
2017-07-14,0.1111111111111111,-1
2017-07-17,0.1555555555555556,-1
2017-07-18,0.1999999999999999,-1
2017-07-19,0.2444444444444444,-1
2017-07-20,0.288888888888889,-1
2017-07-21,0.3333333333333335,-1
2017-07-24,0.3777777777777777,-1
2017-07-25,0.4222222222222223,-1
2017-07-26,0.4666666666666668,-1
2017-07-27,0.5111111111111111,-1
2017-07-28,0.5555555555555556,-1
2017-07-31,0.6000000000000001,-1
2017-08-01,0.6444444444444446,-1
2017-08-02,0.6888888888888889,-1
2017-08-03,0.7333333333333334,-1
2017-08-04,0.7777777777777779,-1
2017-08-07,0.8222222222222222,-1
2017-08-08,0.8666666666666667,-1
2017-08-09,0.9111111111111112,-1
2017-08-10,0.9555555555555556,-1
2017-08-11,1.0,-1
2017-08-14,0.9870967741935484,-1
2017-08-15,0.9741935483870968,-1
2017-08-16,0.9612903225806452,-1
2017-08-17,0.9483870967741936,-1
2017-08-18,0.935483870967742,-1
2017-08-21,0.9225806451612903,-1
2017-08-22,0.9096774193548388,-1
2017-08-23,0.896774193548387,-1
2017-08-24,0.8838709677419355,-1
2017-08-25,0.8709677419354839,-1
2017-08-28,0.8580645161290322,-1
2017-08-29,0.8451612903225807,-1
2017-08-30,0.832258064516129,-1
2017-08-31,0.8193548387096774,0
2017-09-01,0.8064516129032258,0
2017-09-05,0.7935483870967742,1
2017-09-06,0.7806451612903226,1
2017-09-07,0.7677419354838709,1
2017-09-08,0.7548387096774194,1
2017-09-11,0.7419354838709677,1
2017-09-12,0.7290322580645161,1
2017-09-13,0.7161290322580645,1
2017-09-14,0.7032258064516129,1
2017-09-15,0.6903225806451613,1
2017-09-18,0.6774193548387097,1
2017-09-19,0.6645161290322581,1
2017-09-20,0.6516129032258065,1
2017-09-21,0.6387096774193548,1
2017-09-22,0.6258064516129032,1
2017-09-25,0.6129032258064516,1
2017-09-26,0.6,1
2017-09-27,0.5870967741935484,1
2017-09-28,0.5741935483870968,1
2017-09-29,0.5612903225806452,1
2017-10-02,0.5483870967741935,1
2017-10-03,0.5354838709677419,1
2017-10-04,0.5225806451612903,1
2017-10-05,0.5096774193548388,1
2017-10-06,0.4967741935483871,1
2017-10-09,0.4838709677419355,1
2017-10-10,0.4709677419354838,1
2017-10-11,0.4580645161290322,1
2017-10-12,0.4451612903225806,1
2017-10-13,0.432258064516129,1
2017-10-16,0.4193548387096774,1
2017-10-17,0.4064516129032258,1
2017-10-18,0.3935483870967742,1
2017-10-19,0.3806451612903225,1
2017-10-20,0.367741935483871,1
2017-10-23,0.3548387096774194,1
2017-10-24,0.3419354838709677,1
2017-10-25,0.3290322580645161,1
2017-10-26,0.3161290322580645,1
2017-10-27,0.3032258064516129,1
2017-10-30,0.2903225806451612,1
2017-10-31,0.2774193548387097,1
2017-11-01,0.2645161290322581,1
2017-11-02,0.2516129032258064,1
2017-11-03,0.2387096774193549,1
2017-11-06,0.2258064516129032,1
2017-11-07,0.2129032258064516,1
2017-11-08,0.1999999999999999,1
2017-11-09,0.1870967741935484,1
2017-11-10,0.1741935483870967,1
2017-11-13,0.1612903225806451,1
2017-11-14,0.1483870967741936,1
2017-11-15,0.1354838709677419,1
2017-11-16,0.1225806451612903,1
2017-11-17,0.1096774193548386,1
2017-11-20,0.0967741935483871,1
2017-11-21,0.0838709677419354,1
2017-11-22,0.0709677419354838,1
2017-11-24,0.0580645161290322,1
2017-11-27,0.0451612903225806,1
2017-11-28,0.032258064516129,1
2017-11-29,0.0193548387096774,1
2017-11-30,0.0064516129032258,1
2017-12-01,-0.0064516129032257,1
2017-12-04,-0.0193548387096773,1
2017-12-05,-0.032258064516129,1
2017-12-06,-0.0451612903225806,1
2017-12-07,-0.0580645161290322,1
2017-12-08,-0.0709677419354839,1
2017-12-11,-0.0838709677419355,1
2017-12-12,-0.096774193548387,1
2017-12-13,-0.1096774193548386,1
2017-12-14,-0.1225806451612903,1
2017-12-15,-0.1354838709677419,1
2017-12-18,-0.1483870967741936,1
2017-12-19,-0.1612903225806452,1
2017-12-20,-0.1741935483870966,1
2017-12-21,-0.1870967741935483,1
2017-12-22,-0.1999999999999999,1
2017-12-26,-0.2129032258064516,1
2017-12-27,-0.2258064516129032,1
2017-12-28,-0.2387096774193549,1
2017-12-29,-0.2516129032258065,1
2018-01-02,-0.2645161290322579,1
2018-01-03,-0.2774193548387096,1
2018-01-04,-0.2903225806451612,1
2018-01-05,-0.3032258064516129,1
2018-01-08,-0.3161290322580645,1
2018-01-09,-0.3290322580645162,1
2018-01-10,-0.3419354838709678,1
2018-01-11,-0.3548387096774192,1
2018-01-12,-0.3677419354838709,1
2018-01-16,-0.3806451612903225,1
2018-01-17,-0.3935483870967742,1
2018-01-18,-0.4064516129032258,1
2018-01-19,-0.4193548387096775,1
2018-01-22,-0.4322580645161291,1
2018-01-23,-0.4451612903225805,1
2018-01-24,-0.4580645161290322,1
2018-01-25,-0.4709677419354838,1
2018-01-26,-0.4838709677419355,1
2018-01-29,-0.4967741935483871,1
2018-01-30,-0.5096774193548388,1
2018-01-31,-0.5225806451612902,1
2018-02-01,-0.5354838709677419,1
2018-02-02,-0.5483870967741935,1
2018-02-05,-0.5612903225806452,1
2018-02-06,-0.5741935483870968,1
2018-02-07,-0.5870967741935484,1
2018-02-08,-0.6000000000000001,1
2018-02-09,-0.6129032258064515,1
2018-02-12,-0.6258064516129032,1
2018-02-13,-0.6387096774193548,1
2018-02-14,-0.6516129032258065,1
2018-02-15,-0.6645161290322581,1
2018-02-16,-0.6774193548387097,1
2018-02-20,-0.6903225806451614,1
2018-02-21,-0.7032258064516128,1
2018-02-22,-0.7161290322580645,1
2018-02-23,-0.7290322580645161,1
2018-02-26,-0.7419354838709677,1
2018-02-27,-0.7548387096774194,1
2018-02-28,-0.767741935483871,1
2018-03-01,-0.7806451612903227,1
2018-03-02,-0.7935483870967741,1
2018-03-05,-0.8064516129032258,1
2018-03-06,-0.8193548387096774,1
2018-03-07,-0.832258064516129,1
2018-03-08,-0.8451612903225807,1
2018-03-09,-0.8580645161290323,1
2018-03-12,-0.8709677419354838,1
2018-03-13,-0.8838709677419354,1
2018-03-14,-0.896774193548387,1
2018-03-15,-0.9096774193548388,1
2018-03-16,-0.9225806451612903,1
2018-03-19,-0.935483870967742,1
2018-03-20,-0.9483870967741936,1
2018-03-21,-0.9612903225806452,1
2018-03-22,-0.9741935483870968,1
2018-03-23,-0.9870967741935484,1
2018-03-26,-1.0,1
2018-03-27,-0.7777777777777778,1
2018-03-28,-0.5555555555555556,1
2018-03-29,-0.3333333333333333,1
2018-04-02,-0.1111111111111111,1
2018-04-03,0.1111111111111111,1
2018-04-04,0.3333333333333332,1
2018-04-05,0.5555555555555554,1
2018-04-06,0.7777777777777777,1
2018-04-09,1.0,1
2018-04-10,0.984375,1
2018-04-11,0.96875,1
2018-04-12,0.953125,1
2018-04-13,0.9375,1
2018-04-16,0.921875,1
2018-04-17,0.90625,1
2018-04-18,0.890625,1
2018-04-19,0.875,1
2018-04-20,0.859375,0
2018-04-23,0.84375,0
2018-04-24,0.828125,0
2018-04-25,0.8125,-1
2018-04-26,0.796875,-1
2018-04-27,0.78125,-1
2018-04-30,0.765625,-1
2018-05-01,0.75,-1
2018-05-02,0.734375,-1
2018-05-03,0.71875,-1
2018-05-04,0.703125,-1
2018-05-07,0.6875,-1
2018-05-08,0.671875,0
2018-05-09,0.65625,-1
2018-05-10,0.640625,0
2018-05-11,0.625,-1
2018-05-14,0.609375,-1
2018-05-15,0.59375,-1
2018-05-16,0.578125,-1
2018-05-17,0.5625,-1
2018-05-18,0.546875,1
2018-05-21,0.53125,1
2018-05-22,0.515625,1
2018-05-23,0.5,1
2018-05-24,0.484375,1
2018-05-25,0.46875,1
2018-05-29,0.453125,1
2018-05-30,0.4375,1
2018-05-31,0.421875,1
2018-06-01,0.40625,1
2018-06-04,0.390625,1
2018-06-05,0.375,1
2018-06-06,0.359375,1
2018-06-07,0.34375,1
2018-06-08,0.328125,1
2018-06-11,0.3125,1
2018-06-12,0.296875,1
2018-06-13,0.28125,1
2018-06-14,0.265625,1
2018-06-15,0.25,1
2018-06-18,0.234375,1
2018-06-19,0.21875,1
2018-06-20,0.203125,1
2018-06-21,0.1875,1
2018-06-22,0.171875,1
2018-06-25,0.15625,1
2018-06-26,0.140625,1
2018-06-27,0.125,1
2018-06-28,0.109375,1
2018-06-29,0.09375,1
2018-07-02,0.078125,1
2018-07-03,0.0625,1
2018-07-05,0.046875,1
2018-07-06,0.03125,1
2018-07-09,0.015625,1
2018-07-10,0.0,1
2018-07-11,-0.015625,1
2018-07-12,-0.03125,1
2018-07-13,-0.046875,1
2018-07-16,-0.0625,1
2018-07-17,-0.078125,1
2018-07-18,-0.09375,1
2018-07-19,-0.109375,1
2018-07-20,-0.125,1
2018-07-23,-0.140625,1
2018-07-24,-0.15625,1
2018-07-25,-0.171875,1
2018-07-26,-0.1875,1
2018-07-27,-0.203125,1
2018-07-30,-0.21875,1
2018-07-31,-0.234375,1
2018-08-01,-0.25,1
2018-08-02,-0.265625,1
2018-08-03,-0.28125,1
2018-08-06,-0.296875,1
2018-08-07,-0.3125,1
2018-08-08,-0.328125,1
2018-08-09,-0.34375,1
2018-08-10,-0.359375,1
2018-08-13,-0.375,1
2018-08-14,-0.390625,1
2018-08-15,-0.40625,1
2018-08-16,-0.421875,1
2018-08-17,-0.4375,1
2018-08-20,-0.453125,1
2018-08-21,-0.46875,1
2018-08-22,-0.484375,1
2018-08-23,-0.5,1
2018-08-24,-0.515625,1
2018-08-27,-0.53125,1
2018-08-28,-0.546875,1
2018-08-29,-0.5625,1
2018-08-30,-0.578125,1
2018-08-31,-0.59375,0
2018-09-04,-0.609375,0
2018-09-05,-0.625,0
2018-09-06,-0.640625,-1
2018-09-07,-0.65625,-1
2018-09-10,-0.671875,-1
2018-09-11,-0.6875,-1
2018-09-12,-0.703125,-1
2018-09-13,-0.71875,-1
2018-09-14,-0.734375,-1
2018-09-17,-0.75,-1
2018-09-18,-0.765625,-1
2018-09-19,-0.78125,-1
2018-09-20,-0.796875,-1
2018-09-21,-0.8125,0
2018-09-24,-0.828125,0
2018-09-25,-0.84375,0
2018-09-26,-0.859375,0
2018-09-27,-0.875,1
2018-09-28,-0.890625,0
2018-10-01,-0.90625,1
2018-10-02,-0.921875,1
2018-10-03,-0.9375,1
2018-10-04,-0.953125,1
2018-10-05,-0.96875,1
2018-10-08,-0.984375,1
2018-10-09,-1.0,1
2018-10-10,-0.8571428571428572,1
2018-10-11,-0.7142857142857143,1
2018-10-12,-0.5714285714285714,1
2018-10-15,-0.4285714285714286,1
2018-10-16,-0.2857142857142858,1
2018-10-17,-0.1428571428571429,1
2018-10-18,0.0,1
2018-10-19,0.1428571428571428,1
2018-10-22,0.2857142857142856,1
2018-10-23,0.4285714285714284,1
2018-10-24,0.5714285714285714,1
2018-10-25,0.7142857142857142,1
2018-10-26,0.857142857142857,1
2018-10-29,1.0,1
2018-10-30,0.7777777777777778,1
2018-10-31,0.5555555555555556,0
2018-11-01,0.3333333333333333,0
2018-11-02,0.1111111111111111,-1
2018-11-05,-0.1111111111111111,-1
2018-11-06,-0.3333333333333332,-1
2018-11-07,-0.5555555555555554,0
2018-11-08,-0.7777777777777777,1
2018-11-09,-1.0,1
2018-11-12,1.0,1
2018-11-13,0.3333333333333333,1
2018-11-14,-0.3333333333333332,1
2018-11-15,-1.0,1
2018-11-16,-0.935483870967742,1
2018-11-19,-0.8709677419354839,1
2018-11-20,-0.8064516129032258,1
2018-11-21,-0.7419354838709677,1
2018-11-23,-0.6774193548387097,1
2018-11-26,-0.6129032258064516,1
2018-11-27,-0.5483870967741935,1
2018-11-28,-0.4838709677419355,1
2018-11-29,-0.4193548387096775,1
2018-11-30,-0.3548387096774194,1
2018-12-03,-0.2903225806451612,1
2018-12-04,-0.2258064516129032,0
2018-12-06,-0.1612903225806452,0
2018-12-07,-0.0967741935483871,-1
2018-12-10,-0.032258064516129,-1
2018-12-11,0.032258064516129,-1
2018-12-12,0.096774193548387,-1
2018-12-13,0.161290322580645,-1
2018-12-14,0.2258064516129032,-1
2018-12-17,0.2903225806451612,0
2018-12-18,0.3548387096774192,0
2018-12-19,0.4193548387096775,1
2018-12-20,0.4838709677419355,1
2018-12-21,0.5483870967741935,1
2018-12-24,0.6129032258064515,1
2018-12-26,0.6774193548387095,1
2018-12-27,0.7419354838709677,1
2018-12-28,0.8064516129032258,0
2018-12-31,0.8709677419354838,-1
2019-01-02,0.935483870967742,-1
2019-01-03,1.0,-1
2019-01-04,0.9545454545454546,-1
2019-01-07,0.9090909090909092,-1
2019-01-08,0.8636363636363636,-1
2019-01-09,0.8181818181818181,-1
2019-01-10,0.7727272727272727,-1
2019-01-11,0.7272727272727273,-1
2019-01-14,0.6818181818181819,-1
2019-01-15,0.6363636363636364,-1
2019-01-16,0.5909090909090908,1
2019-01-17,0.5454545454545454,1
2019-01-18,0.5,1
2019-01-22,0.4545454545454546,1
2019-01-23,0.409090909090909,1
2019-01-24,0.3636363636363636,1
2019-01-25,0.3181818181818181,1
2019-01-28,0.2727272727272727,1
2019-01-29,0.2272727272727273,1
2019-01-30,0.1818181818181817,1
2019-01-31,0.1363636363636363,1
2019-02-01,0.0909090909090908,1
2019-02-04,0.0454545454545454,1
2019-02-05,0.0,1
2019-02-06,-0.0454545454545454,1
2019-02-07,-0.0909090909090908,1
2019-02-08,-0.1363636363636364,1
2019-02-11,-0.1818181818181818,0
2019-02-12,-0.2272727272727273,1
2019-02-13,-0.2727272727272727,1
2019-02-14,-0.3181818181818181,1
2019-02-15,-0.3636363636363637,1
2019-02-19,-0.4090909090909091,1
2019-02-20,-0.4545454545454546,1
2019-02-21,-0.5,1
2019-02-22,-0.5454545454545454,1
2019-02-25,-0.590909090909091,0
2019-02-26,-0.6363636363636365,0
2019-02-27,-0.6818181818181819,0
2019-02-28,-0.7272727272727273,0
2019-03-01,-0.7727272727272727,-1
2019-03-04,-0.8181818181818183,-1
2019-03-05,-0.8636363636363638,-1
2019-03-06,-0.9090909090909092,-1
2019-03-07,-0.9545454545454546,0
2019-03-08,-1.0,0
2019-03-11,-0.9661016949152542,0
2019-03-12,-0.9322033898305084,0
2019-03-13,-0.8983050847457628,0
2019-03-14,-0.864406779661017,0
2019-03-15,-0.8305084745762712,0
2019-03-18,-0.7966101694915254,0
2019-03-19,-0.7627118644067796,1
2019-03-20,-0.728813559322034,1
2019-03-21,-0.6949152542372881,1
2019-03-22,-0.6610169491525424,1
2019-03-25,-0.6271186440677966,1
2019-03-26,-0.5932203389830508,1
2019-03-27,-0.5593220338983051,1
2019-03-28,-0.5254237288135593,1
2019-03-29,-0.4915254237288136,1
2019-04-01,-0.4576271186440678,1
2019-04-02,-0.423728813559322,1
2019-04-03,-0.3898305084745762,1
2019-04-04,-0.3559322033898305,1
2019-04-05,-0.3220338983050848,1
2019-04-08,-0.288135593220339,1
2019-04-09,-0.2542372881355932,1
2019-04-10,-0.2203389830508474,1
2019-04-11,-0.1864406779661016,1
2019-04-12,-0.1525423728813559,1
2019-04-15,-0.1186440677966101,1
2019-04-16,-0.0847457627118644,1
2019-04-17,-0.0508474576271186,1
2019-04-18,-0.0169491525423728,1
2019-04-22,0.0169491525423728,1
2019-04-23,0.0508474576271187,1
2019-04-24,0.0847457627118644,1
2019-04-25,0.11864406779661,1
2019-04-26,0.1525423728813559,1
2019-04-29,0.1864406779661016,1
2019-04-30,0.2203389830508475,1
2019-05-01,0.2542372881355932,1
2019-05-02,0.2881355932203389,1
2019-05-03,0.3220338983050848,1
2019-05-06,0.3559322033898304,1
2019-05-07,0.3898305084745763,1
2019-05-08,0.423728813559322,1
2019-05-09,0.4576271186440677,1
2019-05-10,0.4915254237288136,1
2019-05-13,0.5254237288135593,1
2019-05-14,0.5593220338983051,1
2019-05-15,0.5932203389830508,1
2019-05-16,0.6271186440677967,1
2019-05-17,0.6610169491525424,1
2019-05-20,0.6949152542372881,1
2019-05-21,0.728813559322034,1
2019-05-22,0.7627118644067796,1
2019-05-23,0.7966101694915255,1
2019-05-24,0.8305084745762712,1
2019-05-28,0.8644067796610169,0
2019-05-29,0.8983050847457628,0
2019-05-30,0.9322033898305084,-1
2019-05-31,0.9661016949152544,-1
2019-06-03,1.0,-1
2019-06-04,0.9534883720930232,-1
2019-06-05,0.9069767441860466,-1
2019-06-06,0.8604651162790697,-1
2019-06-07,0.813953488372093,-1
2019-06-10,0.7674418604651163,-1
2019-06-11,0.7209302325581395,-1
2019-06-12,0.6744186046511628,-1
2019-06-13,0.627906976744186,-1
2019-06-14,0.5813953488372093,-1
2019-06-17,0.5348837209302326,-1
2019-06-18,0.4883720930232558,-1
2019-06-19,0.4418604651162791,-1
2019-06-20,0.3953488372093023,-1
2019-06-21,0.3488372093023255,-1
2019-06-24,0.3023255813953488,-1
2019-06-25,0.2558139534883721,-1
2019-06-26,0.2093023255813954,-1
2019-06-27,0.1627906976744186,-1
2019-06-28,0.1162790697674418,-1
2019-07-01,0.0697674418604651,0
2019-07-02,0.0232558139534884,0
2019-07-03,-0.0232558139534884,1
2019-07-05,-0.069767441860465,1
2019-07-08,-0.1162790697674418,1
2019-07-09,-0.1627906976744186,1
2019-07-10,-0.2093023255813952,1
2019-07-11,-0.2558139534883721,1
2019-07-12,-0.3023255813953489,1
2019-07-15,-0.3488372093023255,1
2019-07-16,-0.3953488372093023,1
2019-07-17,-0.4418604651162789,1
2019-07-18,-0.4883720930232558,1
2019-07-19,-0.5348837209302326,1
2019-07-22,-0.5813953488372092,1
2019-07-23,-0.627906976744186,1
2019-07-24,-0.6744186046511627,1
2019-07-25,-0.7209302325581395,1
2019-07-26,-0.7674418604651163,1
2019-07-29,-0.8139534883720929,1
2019-07-30,-0.8604651162790697,1
2019-07-31,-0.9069767441860466,1
2019-08-01,-0.9534883720930232,1
2019-08-02,-1.0,1
2019-08-05,-0.7777777777777778,1
2019-08-06,-0.5555555555555556,1
2019-08-07,-0.3333333333333333,1
2019-08-08,-0.1111111111111111,1
2019-08-09,0.1111111111111111,1
2019-08-12,0.3333333333333332,1
2019-08-13,0.5555555555555554,1
2019-08-14,0.7777777777777777,1
2019-08-15,1.0,0
2019-08-16,0.9846153846153848,-1
2019-08-19,0.9692307692307692,-1
2019-08-20,0.9538461538461538,-1
2019-08-21,0.9384615384615383,-1
2019-08-22,0.9230769230769232,-1
2019-08-23,0.9076923076923076,-1
2019-08-26,0.8923076923076922,-1
2019-08-27,0.8769230769230769,-1
2019-08-28,0.8615384615384616,-1
2019-08-29,0.8461538461538461,-1
2019-08-30,0.8307692307692307,-1
2019-09-03,0.8153846153846154,-1
2019-09-04,0.8,-1
2019-09-05,0.7846153846153846,-1
2019-09-06,0.7692307692307692,-1
2019-09-09,0.7538461538461538,-1
2019-09-10,0.7384615384615385,-1
2019-09-11,0.7230769230769231,-1
2019-09-12,0.7076923076923076,-1
2019-09-13,0.6923076923076923,1
2019-09-16,0.676923076923077,1
2019-09-17,0.6615384615384615,1
2019-09-18,0.6461538461538461,1
2019-09-19,0.6307692307692307,1
2019-09-20,0.6153846153846154,1
2019-09-23,0.6,1
2019-09-24,0.5846153846153845,1
2019-09-25,0.5692307692307692,1
2019-09-26,0.5538461538461539,1
2019-09-27,0.5384615384615384,1
2019-09-30,0.523076923076923,1
2019-10-01,0.5076923076923077,1
2019-10-02,0.4923076923076923,1
2019-10-03,0.4769230769230769,1
2019-10-04,0.4615384615384614,1
2019-10-07,0.4461538461538461,1
2019-10-08,0.4307692307692308,1
2019-10-09,0.4153846153846153,1
2019-10-10,0.3999999999999999,1
2019-10-11,0.3846153846153846,1
2019-10-14,0.3692307692307692,1
2019-10-15,0.3538461538461538,1
2019-10-16,0.3384615384615383,1
2019-10-17,0.323076923076923,1
2019-10-18,0.3076923076923077,1
2019-10-21,0.2923076923076922,1
2019-10-22,0.2769230769230768,1
2019-10-23,0.2615384615384615,1
2019-10-24,0.2461538461538461,1
2019-10-25,0.2307692307692307,1
2019-10-28,0.2153846153846152,1
2019-10-29,0.1999999999999999,1
2019-10-30,0.1846153846153846,1
2019-10-31,0.1692307692307691,1
2019-11-01,0.1538461538461537,1
2019-11-04,0.1384615384615384,1
2019-11-05,0.123076923076923,1
2019-11-06,0.1076923076923076,1
2019-11-07,0.0923076923076922,1
2019-11-08,0.0769230769230768,1
2019-11-11,0.0615384615384615,1
2019-11-12,0.0461538461538461,1
2019-11-13,0.0307692307692306,1
2019-11-14,0.0153846153846153,1
2019-11-15,0.0,1
2019-11-18,-0.0153846153846153,1
2019-11-19,-0.0307692307692308,1
2019-11-20,-0.0461538461538462,1
2019-11-21,-0.0615384615384615,1
2019-11-22,-0.0769230769230771,1
2019-11-25,-0.0923076923076924,1
2019-11-26,-0.1076923076923077,1
2019-11-27,-0.123076923076923,1
2019-11-29,-0.1384615384615384,1
2019-12-02,-0.1538461538461539,1
2019-12-03,-0.1692307692307693,1
2019-12-04,-0.1846153846153846,1
2019-12-05,-0.2000000000000001,1
2019-12-06,-0.2153846153846155,1
2019-12-09,-0.2307692307692308,1
2019-12-10,-0.2461538461538461,1
2019-12-11,-0.2615384615384615,1
2019-12-12,-0.276923076923077,1
2019-12-13,-0.2923076923076924,1
2019-12-16,-0.3076923076923077,0
2019-12-17,-0.3230769230769232,0
2019-12-18,-0.3384615384615386,0
2019-12-19,-0.3538461538461539,-1
2019-12-20,-0.3692307692307692,-1
2019-12-23,-0.3846153846153846,-1
2019-12-24,-0.4000000000000001,-1
2019-12-26,-0.4153846153846154,-1
2019-12-27,-0.4307692307692308,-1
2019-12-30,-0.4461538461538463,-1
2019-12-31,-0.4615384615384617,-1
2020-01-02,-0.476923076923077,-1
2020-01-03,-0.4923076923076923,-1
2020-01-06,-0.5076923076923077,-1
2020-01-07,-0.5230769230769232,-1
2020-01-08,-0.5384615384615385,-1
2020-01-09,-0.5538461538461539,-1
2020-01-10,-0.5692307692307694,-1
2020-01-13,-0.5846153846153848,-1
2020-01-14,-0.6000000000000001,-1
2020-01-15,-0.6153846153846154,-1
2020-01-16,-0.6307692307692307,-1
2020-01-17,-0.6461538461538463,-1
2020-01-21,-0.6615384615384616,-1
2020-01-22,-0.676923076923077,-1
2020-01-23,-0.6923076923076925,-1
2020-01-24,-0.7076923076923078,-1
2020-01-27,-0.7230769230769232,-1
2020-01-28,-0.7384615384615385,-1
2020-01-29,-0.7538461538461538,-1
2020-01-30,-0.7692307692307694,-1
2020-01-31,-0.7846153846153847,-1
2020-02-03,-0.8,-1
2020-02-04,-0.8153846153846156,-1
2020-02-05,-0.8307692307692309,-1
2020-02-06,-0.8461538461538463,-1
2020-02-07,-0.8615384615384616,-1
2020-02-10,-0.8769230769230769,-1
2020-02-11,-0.8923076923076925,-1
2020-02-12,-0.9076923076923078,-1
2020-02-13,-0.9230769230769232,-1
2020-02-14,-0.9384615384615388,0
2020-02-18,-0.953846153846154,0
2020-02-19,-0.9692307692307692,0
2020-02-20,-0.9846153846153848,0
2020-02-21,-1.0,1
2020-02-24,-0.5,1
2020-02-25,0.0,1
2020-02-26,0.5,1
2020-02-27,1.0,1
2020-02-28,0.6666666666666667,1
2020-03-02,0.3333333333333333,1
2020-03-03,0.0,1
2020-03-04,-0.3333333333333332,1
2020-03-05,-0.6666666666666665,1
2020-03-06,-1.0,1
2020-03-09,1.0,1
2020-03-10,-1.0,1
2020-03-11,0.0,1
2020-03-12,1.0,1
2020-03-13,-1.0,1
2020-03-16,1.0,1
2020-03-17,0.9166666666666666,1
2020-03-18,0.8333333333333334,1
2020-03-19,0.75,1
2020-03-20,0.6666666666666667,1
2020-03-23,0.5833333333333334,1
2020-03-24,0.5,1
2020-03-25,0.4166666666666667,1
2020-03-26,0.3333333333333333,1
2020-03-27,0.25,1
2020-03-30,0.1666666666666667,1
2020-03-31,0.0833333333333333,1
2020-04-01,0.0,1
2020-04-02,-0.0833333333333332,1
2020-04-03,-0.1666666666666665,1
2020-04-06,-0.25,1
2020-04-07,-0.3333333333333332,1
2020-04-08,-0.4166666666666665,1
2020-04-09,-0.5,1
2020-04-13,-0.5833333333333333,1
2020-04-14,-0.6666666666666665,1
2020-04-15,-0.75,1
2020-04-16,-0.8333333333333333,1
2020-04-17,-0.9166666666666664,1
2020-04-20,-1.0,1
2020-04-21,1.0,1
2020-04-22,0.9787234042553192,1
2020-04-23,0.9574468085106383,1
2020-04-24,0.9361702127659576,1
2020-04-27,0.9148936170212766,1
2020-04-28,0.8936170212765957,1
2020-04-29,0.8723404255319149,1
2020-04-30,0.851063829787234,1
2020-05-01,0.8297872340425532,1
2020-05-04,0.8085106382978724,1
2020-05-05,0.7872340425531915,1
2020-05-06,0.7659574468085106,1
2020-05-07,0.7446808510638299,1
2020-05-08,0.7234042553191489,1
2020-05-11,0.7021276595744681,1
2020-05-12,0.6808510638297872,1
2020-05-13,0.6595744680851063,1
2020-05-14,0.6382978723404256,1
2020-05-15,0.6170212765957447,1
2020-05-18,0.5957446808510638,1
2020-05-19,0.574468085106383,1
2020-05-20,0.5531914893617021,1
2020-05-21,0.5319148936170213,1
2020-05-22,0.5106382978723405,1
2020-05-26,0.4893617021276596,0
2020-05-27,0.4680851063829787,0
2020-05-28,0.4468085106382978,0
2020-05-29,0.4255319148936171,0
2020-06-01,0.4042553191489362,0
2020-06-02,0.3829787234042553,0
2020-06-03,0.3617021276595744,0
2020-06-04,0.3404255319148936,0
2020-06-05,0.3191489361702128,0
2020-06-08,0.2978723404255319,1
2020-06-09,0.2765957446808511,1
2020-06-10,0.2553191489361702,1
2020-06-11,0.2340425531914893,1
2020-06-12,0.2127659574468084,1
2020-06-15,0.1914893617021277,1
2020-06-16,0.1702127659574468,1
2020-06-17,0.1489361702127659,1
2020-06-18,0.1276595744680851,1
2020-06-19,0.1063829787234043,1
2020-06-22,0.0851063829787234,1
2020-06-23,0.0638297872340425,1
2020-06-24,0.0425531914893617,1
2020-06-25,0.0212765957446808,1
2020-06-26,0.0,1
2020-06-29,-0.0212765957446807,1
2020-06-30,-0.0425531914893617,1
2020-07-01,-0.0638297872340425,1
2020-07-02,-0.0851063829787233,1
2020-07-06,-0.1063829787234043,1
2020-07-07,-0.127659574468085,1
2020-07-08,-0.1489361702127658,1
2020-07-09,-0.1702127659574468,1
2020-07-10,-0.1914893617021276,1
2020-07-13,-0.2127659574468083,1
2020-07-14,-0.2340425531914893,1
2020-07-15,-0.2553191489361701,1
2020-07-16,-0.2765957446808511,1
2020-07-17,-0.2978723404255319,1
2020-07-20,-0.3191489361702126,1
2020-07-21,-0.3404255319148936,1
2020-07-22,-0.3617021276595744,1
2020-07-23,-0.3829787234042552,1
2020-07-24,-0.4042553191489362,1
2020-07-27,-0.4255319148936169,1
2020-07-28,-0.4468085106382977,1
2020-07-29,-0.4680851063829787,1
2020-07-30,-0.4893617021276595,1
2020-07-31,-0.5106382978723405,1
2020-08-03,-0.5319148936170213,1
2020-08-04,-0.553191489361702,1
2020-08-05,-0.574468085106383,1
2020-08-06,-0.5957446808510638,1
2020-08-07,-0.6170212765957446,1
2020-08-10,-0.6382978723404256,1
2020-08-11,-0.6595744680851063,1
2020-08-12,-0.6808510638297871,1
2020-08-13,-0.7021276595744681,1
2020-08-14,-0.7234042553191489,1
2020-08-17,-0.7446808510638296,1
2020-08-18,-0.7659574468085106,1
2020-08-19,-0.7872340425531914,1
2020-08-20,-0.8085106382978724,1
2020-08-21,-0.8297872340425532,1
2020-08-24,-0.8510638297872339,1
2020-08-25,-0.8723404255319149,1
2020-08-26,-0.8936170212765957,1
2020-08-27,-0.9148936170212764,1
2020-08-28,-0.9361702127659576,1
2020-08-31,-0.9574468085106382,1
2020-09-01,-0.978723404255319,1
2020-09-02,-1.0,1
2020-09-03,-0.3333333333333333,1
2020-09-04,0.3333333333333332,1
2020-09-08,1.0,1
2020-09-09,0.9534883720930232,1
2020-09-10,0.9069767441860466,1
2020-09-11,0.8604651162790697,1
2020-09-14,0.813953488372093,1
2020-09-15,0.7674418604651163,1
2020-09-16,0.7209302325581395,0
2020-09-17,0.6744186046511628,0
2020-09-18,0.627906976744186,-1
2020-09-21,0.5813953488372093,1
2020-09-22,0.5348837209302326,0
2020-09-23,0.4883720930232558,0
2020-09-24,0.4418604651162791,0
2020-09-25,0.3953488372093023,0
2020-09-28,0.3488372093023255,-1
2020-09-29,0.3023255813953488,-1
2020-09-30,0.2558139534883721,-1
2020-10-01,0.2093023255813954,0
2020-10-02,0.1627906976744186,-1
2020-10-05,0.1162790697674418,-1
2020-10-06,0.0697674418604651,-1
2020-10-07,0.0232558139534884,-1
2020-10-08,-0.0232558139534884,-1
2020-10-09,-0.069767441860465,-1
2020-10-12,-0.1162790697674418,-1
2020-10-13,-0.1627906976744186,-1
2020-10-14,-0.2093023255813952,-1
2020-10-15,-0.2558139534883721,-1
2020-10-16,-0.3023255813953489,-1
2020-10-19,-0.3488372093023255,-1
2020-10-20,-0.3953488372093023,-1
2020-10-21,-0.4418604651162789,-1
2020-10-22,-0.4883720930232558,-1
2020-10-23,-0.5348837209302326,-1
2020-10-26,-0.5813953488372092,-1
2020-10-27,-0.627906976744186,-1
2020-10-28,-0.6744186046511627,-1
2020-10-29,-0.7209302325581395,-1
2020-10-30,-0.7674418604651163,-1
2020-11-02,-0.8139534883720929,-1
2020-11-03,-0.8604651162790697,-1
2020-11-04,-0.9069767441860466,-1
2020-11-05,-0.9534883720930232,-1
2020-11-06,-1.0,-1
2020-11-09,-0.95,-1
2020-11-10,-0.9,-1
2020-11-11,-0.85,-1
2020-11-12,-0.8,0
2020-11-13,-0.75,1
2020-11-16,-0.7,1
2020-11-17,-0.6499999999999999,-1
2020-11-18,-0.6,1
2020-11-19,-0.55,0
2020-11-20,-0.5,-1
2020-11-23,-0.4499999999999999,-1
2020-11-24,-0.3999999999999999,-1
2020-11-25,-0.35,-1
2020-11-27,-0.2999999999999999,-1
2020-11-30,-0.25,-1
2020-12-01,-0.1999999999999999,-1
2020-12-02,-0.1499999999999999,-1
2020-12-03,-0.0999999999999999,-1
2020-12-04,-0.0499999999999999,-1
2020-12-07,0.0,-1
2020-12-08,0.05,-1
2020-12-09,0.1,-1
2020-12-10,0.1500000000000001,-1
2020-12-11,0.2000000000000001,-1
2020-12-14,0.25,-1
2020-12-15,0.3,-1
2020-12-16,0.3500000000000001,-1
2020-12-17,0.4000000000000001,-1
2020-12-18,0.4500000000000002,-1
2020-12-21,0.5,-1
2020-12-22,0.55,-1
2020-12-23,0.6000000000000001,-1
2020-12-24,0.6500000000000001,-1
2020-12-28,0.7000000000000002,-1
2020-12-29,0.75,0
2020-12-30,0.8,1
2020-12-31,0.8500000000000001,0
2021-01-04,0.9000000000000001,1
2021-01-05,0.9500000000000002,1
2021-01-06,1.0,0
2021-01-07,0.9047619047619048,1
2021-01-08,0.8095238095238095,1
2021-01-11,0.7142857142857143,1
2021-01-12,0.6190476190476191,1
2021-01-13,0.5238095238095238,1
2021-01-14,0.4285714285714286,1
2021-01-15,0.3333333333333333,1
2021-01-19,0.2380952380952381,1
2021-01-20,0.1428571428571429,1
2021-01-21,0.0476190476190476,1
2021-01-22,-0.0476190476190474,1
2021-01-25,-0.1428571428571428,1
2021-01-26,-0.2380952380952381,1
2021-01-27,-0.3333333333333332,1
2021-01-28,-0.4285714285714284,1
2021-01-29,-0.5238095238095237,1
2021-02-01,-0.6190476190476191,1
2021-02-02,-0.7142857142857142,1
2021-02-03,-0.8095238095238093,1
2021-02-04,-0.9047619047619048,1
2021-02-05,-1.0,1
2021-02-08,-0.9,1
2021-02-09,-0.8,1
2021-02-10,-0.7,1
2021-02-11,-0.6,1
2021-02-12,-0.5,1
2021-02-16,-0.3999999999999999,1
2021-02-17,-0.2999999999999999,1
2021-02-18,-0.1999999999999999,1
2021-02-19,-0.0999999999999999,1
2021-02-22,0.0,1
2021-02-23,0.1,1
2021-02-24,0.2000000000000001,1
2021-02-25,0.3,1
2021-02-26,0.4000000000000001,1
2021-03-01,0.5,1
2021-03-02,0.6000000000000001,1
2021-03-03,0.7000000000000002,1
2021-03-04,0.8,1
2021-03-05,0.9000000000000001,1
2021-03-08,1.0,1
2021-03-09,0.9898477157360406,1
2021-03-10,0.9796954314720812,1
2021-03-11,0.9695431472081218,1
2021-03-12,0.9593908629441624,1
2021-03-15,0.949238578680203,1
2021-03-16,0.9390862944162436,1
2021-03-17,0.9289340101522844,1
2021-03-18,0.9187817258883249,1
2021-03-19,0.9086294416243654,1
2021-03-22,0.8984771573604061,1
2021-03-23,0.8883248730964467,1
2021-03-24,0.8781725888324873,1
2021-03-25,0.868020304568528,1
2021-03-26,0.8578680203045685,1
2021-03-29,0.8477157360406091,1
2021-03-30,0.8375634517766497,1
2021-03-31,0.8274111675126904,1
2021-04-01,0.817258883248731,1
2021-04-05,0.8071065989847716,0
2021-04-06,0.7969543147208122,0
2021-04-07,0.7868020304568528,0
2021-04-08,0.7766497461928934,0
2021-04-09,0.766497461928934,0
2021-04-12,0.7563451776649747,-1
2021-04-13,0.7461928934010152,-1
2021-04-14,0.7360406091370559,-1
2021-04-15,0.7258883248730965,-1
2021-04-16,0.7157360406091371,-1
2021-04-19,0.7055837563451777,-1
2021-04-20,0.6954314720812182,-1
2021-04-21,0.6852791878172588,-1
2021-04-22,0.6751269035532995,-1
2021-04-23,0.6649746192893402,-1
2021-04-26,0.6548223350253808,0
2021-04-27,0.6446700507614214,1
2021-04-28,0.6345177664974619,1
2021-04-29,0.6243654822335025,1
2021-04-30,0.6142131979695431,-1
2021-05-03,0.6040609137055838,-1
2021-05-04,0.5939086294416244,-1
2021-05-05,0.5837563451776651,-1
2021-05-06,0.5736040609137056,-1
2021-05-07,0.5634517766497462,-1
2021-05-10,0.5532994923857868,-1
2021-05-11,0.5431472081218274,-1
2021-05-12,0.5329949238578681,-1
2021-05-13,0.5228426395939086,-1
2021-05-14,0.5126903553299493,-1
2021-05-17,0.5025380710659899,-1
2021-05-18,0.4923857868020305,-1
2021-05-19,0.482233502538071,-1
2021-05-20,0.4720812182741117,-1
2021-05-21,0.4619289340101523,-1
2021-05-24,0.4517766497461929,-1
2021-05-25,0.4416243654822335,-1
2021-05-26,0.4314720812182742,-1
2021-05-27,0.4213197969543147,-1
2021-05-28,0.4111675126903553,-1
2021-06-01,0.401015228426396,-1
2021-06-02,0.3908629441624366,-1
2021-06-03,0.3807106598984772,-1
2021-06-04,0.3705583756345177,-1
2021-06-07,0.3604060913705584,-1
2021-06-08,0.350253807106599,-1
2021-06-09,0.3401015228426396,-1
2021-06-10,0.3299492385786803,-1
2021-06-11,0.3197969543147209,-1
2021-06-14,0.3096446700507614,-1
2021-06-15,0.299492385786802,-1
2021-06-16,0.2893401015228427,-1
2021-06-17,0.2791878172588833,0
2021-06-18,0.2690355329949239,0
2021-06-21,0.2588832487309646,0
2021-06-22,0.2487309644670051,0
2021-06-23,0.2385786802030457,0
2021-06-24,0.2284263959390863,0
2021-06-25,0.218274111675127,1
2021-06-28,0.2081218274111675,1
2021-06-29,0.1979695431472081,1
2021-06-30,0.1878172588832487,1
2021-07-01,0.1776649746192894,1
2021-07-02,0.16751269035533,1
2021-07-06,0.1573604060913705,1
2021-07-07,0.1472081218274112,1
2021-07-08,0.1370558375634518,1
2021-07-09,0.1269035532994924,1
2021-07-12,0.116751269035533,1
2021-07-13,0.1065989847715737,0
2021-07-14,0.0964467005076142,0
2021-07-15,0.0862944162436548,0
2021-07-16,0.0761421319796955,-1
2021-07-19,0.0659898477157361,-1
2021-07-20,0.0558375634517767,0
2021-07-21,0.0456852791878172,-1
2021-07-22,0.0355329949238579,-1
2021-07-23,0.0253807106598985,-1
2021-07-26,0.0152284263959391,-1
2021-07-27,0.0050761421319798,-1
2021-07-28,-0.0050761421319796,-1
2021-07-29,-0.015228426395939,-1
2021-07-30,-0.0253807106598984,-1
2021-08-02,-0.0355329949238578,-1
2021-08-03,-0.0456852791878172,-1
2021-08-04,-0.0558375634517764,-1
2021-08-05,-0.0659898477157359,-1
2021-08-06,-0.0761421319796953,-1
2021-08-09,-0.0862944162436547,-1
2021-08-10,-0.0964467005076141,-1
2021-08-11,-0.1065989847715735,-1
2021-08-12,-0.116751269035533,-1
2021-08-13,-0.1269035532994922,-1
2021-08-16,-0.1370558375634516,-1
2021-08-17,-0.147208121827411,-1
2021-08-18,-0.1573604060913704,-1
2021-08-19,-0.1675126903553299,-1
2021-08-20,-0.1776649746192893,-1
2021-08-23,-0.1878172588832487,-1
2021-08-24,-0.1979695431472079,-1
2021-08-25,-0.2081218274111673,-1
2021-08-26,-0.2182741116751267,-1
2021-08-27,-0.2284263959390862,-1
2021-08-30,-0.2385786802030456,-1
2021-08-31,-0.248730964467005,-1
2021-09-01,-0.2588832487309644,-1
2021-09-02,-0.2690355329949236,-1
2021-09-03,-0.2791878172588831,0
2021-09-07,-0.2893401015228425,0
2021-09-08,-0.2994923857868019,0
2021-09-09,-0.3096446700507613,0
2021-09-10,-0.3197969543147207,0
2021-09-13,-0.3299492385786802,0
2021-09-14,-0.3401015228426394,0
2021-09-15,-0.3502538071065988,0
2021-09-16,-0.3604060913705582,0
2021-09-17,-0.3705583756345176,0
2021-09-20,-0.3807106598984771,0
2021-09-21,-0.3908629441624365,0
2021-09-22,-0.4010152284263959,0
2021-09-23,-0.4111675126903551,0
2021-09-24,-0.4213197969543145,0
2021-09-27,-0.4314720812182739,-1
2021-09-28,-0.4416243654822334,-1
2021-09-29,-0.4517766497461928,-1
2021-09-30,-0.4619289340101522,-1
2021-10-01,-0.4720812182741116,-1
2021-10-04,-0.4822335025380708,-1
2021-10-05,-0.4923857868020302,-1
2021-10-06,-0.5025380710659897,-1
2021-10-07,-0.5126903553299491,-1
2021-10-08,-0.5228426395939085,-1
2021-10-11,-0.532994923857868,-1
2021-10-12,-0.5431472081218274,-1
2021-10-13,-0.5532994923857866,-1
2021-10-14,-0.563451776649746,-1
2021-10-15,-0.5736040609137054,-1
2021-10-18,-0.5837563451776648,-1
2021-10-19,-0.5939086294416243,-1
2021-10-20,-0.6040609137055837,-1
2021-10-21,-0.6142131979695431,-1
2021-10-22,-0.6243654822335025,-1
2021-10-25,-0.6345177664974617,-1
2021-10-26,-0.6446700507614211,-1
2021-10-27,-0.6548223350253806,-1
2021-10-28,-0.66497461928934,-1
2021-10-29,-0.6751269035532994,-1
2021-11-01,-0.6852791878172588,-1
2021-11-02,-0.6954314720812182,-1
2021-11-03,-0.7055837563451774,-1
2021-11-04,-0.7157360406091369,-1
2021-11-05,-0.7258883248730963,-1
2021-11-08,-0.7360406091370557,-1
2021-11-09,-0.7461928934010151,-1
2021-11-10,-0.7563451776649746,-1
2021-11-11,-0.766497461928934,-1
2021-11-12,-0.7766497461928932,-1
2021-11-15,-0.7868020304568526,-1
2021-11-16,-0.796954314720812,-1
2021-11-17,-0.8071065989847714,-1
2021-11-18,-0.8172588832487309,-1
2021-11-19,-0.8274111675126903,-1
2021-11-22,-0.8375634517766497,-1
2021-11-23,-0.8477157360406089,-1
2021-11-24,-0.8578680203045683,-1
2021-11-26,-0.8680203045685277,-1
2021-11-29,-0.8781725888324872,-1
2021-11-30,-0.8883248730964466,-1
2021-12-01,-0.898477157360406,-1
2021-12-02,-0.9086294416243654,-1
2021-12-03,-0.9187817258883246,-1
2021-12-06,-0.928934010152284,-1
2021-12-07,-0.9390862944162436,-1
2021-12-08,-0.9492385786802028,-1
2021-12-09,-0.9593908629441624,-1
2021-12-10,-0.9695431472081216,-1
2021-12-13,-0.9796954314720812,-1
2021-12-14,-0.9898477157360404,-1
2021-12-15,-1.0,-1
2021-12-16,-0.9333333333333332,-1
2021-12-17,-0.8666666666666667,-1
2021-12-20,-0.8,-1
2021-12-21,-0.7333333333333334,-1
2021-12-22,-0.6666666666666667,-1
2021-12-23,-0.6,-1
2021-12-27,-0.5333333333333333,-1
2021-12-28,-0.4666666666666667,-1
2021-12-29,-0.4,-1
2021-12-30,-0.3333333333333333,-1
2021-12-31,-0.2666666666666667,-1
2022-01-03,-0.1999999999999999,-1
2022-01-04,-0.1333333333333333,-1
2022-01-05,-0.0666666666666666,-1
2022-01-06,0.0,-1
2022-01-07,0.0666666666666666,-1
2022-01-10,0.1333333333333333,-1
2022-01-11,0.1999999999999999,-1
2022-01-12,0.2666666666666666,-1
2022-01-13,0.3333333333333332,-1
2022-01-14,0.3999999999999999,-1
2022-01-18,0.4666666666666665,-1
2022-01-19,0.5333333333333332,-1
2022-01-20,0.6000000000000001,-1
2022-01-21,0.6666666666666667,-1
2022-01-24,0.7333333333333334,-1
2022-01-25,0.8,-1
2022-01-26,0.8666666666666667,-1
2022-01-27,0.9333333333333332,-1
2022-01-28,1.0,-1
2022-01-31,0.3333333333333333,0
2022-02-01,-0.3333333333333332,0
2022-02-02,-1.0,1
2022-02-03,-0.9047619047619048,1
2022-02-04,-0.8095238095238095,0
2022-02-07,-0.7142857142857143,0
2022-02-08,-0.6190476190476191,0
2022-02-09,-0.5238095238095238,0
2022-02-10,-0.4285714285714286,0
2022-02-11,-0.3333333333333333,1
2022-02-14,-0.2380952380952381,1
2022-02-15,-0.1428571428571429,1
2022-02-16,-0.0476190476190476,1
2022-02-17,0.0476190476190474,1
2022-02-18,0.1428571428571428,0
2022-02-22,0.2380952380952381,0
2022-02-23,0.3333333333333332,1
2022-02-24,0.4285714285714284,1
2022-02-25,0.5238095238095237,1
2022-02-28,0.6190476190476191,1
2022-03-01,0.7142857142857142,1
2022-03-02,0.8095238095238093,1
2022-03-03,0.9047619047619048,1
2022-03-04,1.0,0
2022-03-07,0.9090909090909092,0
2022-03-08,0.8181818181818181,-1
2022-03-09,0.7272727272727273,-1
2022-03-10,0.6363636363636364,-1
2022-03-11,0.5454545454545454,-1
2022-03-14,0.4545454545454546,0
2022-03-15,0.3636363636363636,0
2022-03-16,0.2727272727272727,-1
2022-03-17,0.1818181818181817,0
2022-03-18,0.0909090909090908,0
2022-03-21,0.0,-1
2022-03-22,-0.0909090909090908,0
2022-03-23,-0.1818181818181818,0
2022-03-24,-0.2727272727272727,0
2022-03-25,-0.3636363636363637,0
2022-03-28,-0.4545454545454546,0
2022-03-29,-0.5454545454545454,0
2022-03-30,-0.6363636363636365,0
2022-03-31,-0.7272727272727273,0
2022-04-01,-0.8181818181818183,0
2022-04-04,-0.9090909090909092,0
2022-04-05,-1.0,0
2022-04-06,-0.8823529411764706,0
2022-04-07,-0.7647058823529411,0
2022-04-08,-0.6470588235294118,0
2022-04-11,-0.5294117647058824,0
2022-04-12,-0.4117647058823529,1
2022-04-13,-0.2941176470588236,0
2022-04-14,-0.1764705882352941,0
2022-04-18,-0.0588235294117647,1
2022-04-19,0.0588235294117647,0
2022-04-20,0.1764705882352941,1
2022-04-21,0.2941176470588236,1
2022-04-22,0.4117647058823528,0
2022-04-25,0.5294117647058822,1
2022-04-26,0.6470588235294117,0
2022-04-27,0.7647058823529411,0
2022-04-28,0.8823529411764706,0
2022-04-29,1.0,0
2022-05-02,0.3333333333333333,0
2022-05-03,-0.3333333333333332,0
2022-05-04,-1.0,-1
2022-05-05,-0.875,-1
2022-05-06,-0.75,-1
2022-05-09,-0.625,-1
2022-05-10,-0.5,-1
2022-05-11,-0.375,-1
2022-05-12,-0.25,-1
2022-05-13,-0.125,-1
2022-05-16,0.0,-1
2022-05-17,0.125,-1
2022-05-18,0.25,-1
2022-05-19,0.375,-1
2022-05-20,0.5,-1
2022-05-23,0.625,-1
2022-05-24,0.75,-1
2022-05-25,0.875,0
2022-05-26,1.0,0
2022-05-27,0.3333333333333333,0
2022-05-31,-0.3333333333333332,0
2022-06-01,-1.0,0
2022-06-02,-0.8666666666666667,0
2022-06-03,-0.7333333333333334,0
2022-06-06,-0.6,0
2022-06-07,-0.4666666666666667,0
2022-06-08,-0.3333333333333333,1
2022-06-09,-0.1999999999999999,0
2022-06-10,-0.0666666666666666,0
2022-06-13,0.0666666666666666,1
2022-06-14,0.1999999999999999,1
2022-06-15,0.3333333333333332,1
2022-06-16,0.4666666666666665,1
2022-06-17,0.6000000000000001,1
2022-06-21,0.7333333333333334,1
2022-06-22,0.8666666666666667,1
2022-06-23,1.0,1
2022-06-24,0.9487179487179488,1
2022-06-27,0.8974358974358975,1
2022-06-28,0.8461538461538461,1
2022-06-29,0.7948717948717949,1
2022-06-30,0.7435897435897436,1
2022-07-01,0.6923076923076923,1
2022-07-05,0.641025641025641,1
2022-07-06,0.5897435897435898,0
2022-07-07,0.5384615384615385,0
2022-07-08,0.4871794871794872,0
2022-07-11,0.4358974358974359,0
2022-07-12,0.3846153846153846,0
2022-07-13,0.3333333333333333,0
2022-07-14,0.282051282051282,-1
2022-07-15,0.2307692307692308,-1
2022-07-18,0.1794871794871795,-1
2022-07-19,0.1282051282051282,-1
2022-07-20,0.0769230769230769,-1
2022-07-21,0.0256410256410256,-1
2022-07-22,-0.0256410256410255,-1
2022-07-25,-0.0769230769230768,-1
2022-07-26,-0.1282051282051282,-1
2022-07-27,-0.1794871794871795,-1
2022-07-28,-0.2307692307692308,-1
2022-07-29,-0.2820512820512819,0
2022-08-01,-0.3333333333333332,0
2022-08-02,-0.3846153846153846,1
2022-08-03,-0.4358974358974359,1
2022-08-04,-0.4871794871794872,1
2022-08-05,-0.5384615384615383,1
2022-08-08,-0.5897435897435896,1
2022-08-09,-0.641025641025641,1
2022-08-10,-0.6923076923076923,1
2022-08-11,-0.7435897435897436,1
2022-08-12,-0.7948717948717947,1
2022-08-15,-0.846153846153846,1
2022-08-16,-0.8974358974358974,1
2022-08-17,-0.9487179487179488,1
2022-08-18,-1.0,1
2022-08-19,-0.95,1
2022-08-22,-0.9,1
2022-08-23,-0.85,1
2022-08-24,-0.8,1
2022-08-25,-0.75,1
2022-08-26,-0.7,1
2022-08-29,-0.6499999999999999,1
2022-08-30,-0.6,1
2022-08-31,-0.55,1
2022-09-01,-0.5,1
2022-09-02,-0.4499999999999999,1
2022-09-06,-0.3999999999999999,1
2022-09-07,-0.35,1
2022-09-08,-0.2999999999999999,1
2022-09-09,-0.25,1
2022-09-12,-0.1999999999999999,0
2022-09-13,-0.1499999999999999,0
2022-09-14,-0.0999999999999999,0
2022-09-15,-0.0499999999999999,0
2022-09-16,0.0,0
2022-09-19,0.05,0
2022-09-20,0.1,0
2022-09-21,0.1500000000000001,0
2022-09-22,0.2000000000000001,-1
2022-09-23,0.25,-1
2022-09-26,0.3,-1
2022-09-27,0.3500000000000001,-1
2022-09-28,0.4000000000000001,-1
2022-09-29,0.4500000000000002,-1
2022-09-30,0.5,0
2022-10-03,0.55,0
2022-10-04,0.6000000000000001,1
2022-10-05,0.6500000000000001,0
2022-10-06,0.7000000000000002,-1
2022-10-07,0.75,-1
2022-10-10,0.8,-1
2022-10-11,0.8500000000000001,-1
2022-10-12,0.9000000000000001,-1
2022-10-13,0.9500000000000002,-1
2022-10-14,1.0,-1
2022-10-17,0.8823529411764706,0
2022-10-18,0.7647058823529411,0
2022-10-19,0.6470588235294118,1
2022-10-20,0.5294117647058824,1
2022-10-21,0.4117647058823529,1
2022-10-24,0.2941176470588236,1
2022-10-25,0.1764705882352941,0
2022-10-26,0.0588235294117647,0
2022-10-27,-0.0588235294117647,0
2022-10-28,-0.1764705882352941,0
2022-10-31,-0.2941176470588236,1
2022-11-01,-0.4117647058823528,0
2022-11-02,-0.5294117647058822,0
2022-11-03,-0.6470588235294117,0
2022-11-04,-0.7647058823529411,0
2022-11-07,-0.8823529411764706,0
2022-11-08,-1.0,0
2022-11-09,1.0,0
2022-11-10,1.0,-1
2022-11-11,1.0,0
2022-11-14,1.0,0
2022-11-15,1.0,-1
2022-11-16,1.0,0
2022-11-17,1.0,-1
2022-11-18,1.0,-1
2022-11-21,1.0,-1
2022-11-22,1.0,-1
2022-11-23,1.0,-1
2022-11-25,1.0,-1
2022-11-28,1.0,0
2022-11-29,1.0,0
2022-11-30,1.0,0
2022-12-01,1.0,0
2022-12-02,1.0,0
2022-12-05,1.0,1
2022-12-06,1.0,1
2022-12-07,1.0,1
2022-12-08,1.0,1
2022-12-09,1.0,1
2022-12-12,1.0,1
2022-12-13,1.0,1
2022-12-14,1.0,1
2022-12-15,1.0,1
2022-12-16,1.0,1
2022-12-19,1.0,1
2022-12-20,1.0,0
2022-12-21,1.0,0
2022-12-22,1.0,0
2022-12-23,1.0,-1
2022-12-27,1.0,-1
2022-12-28,1.0,-1
2022-12-29,1.0,1
2022-12-30,1.0,1
