Date,ROC,Numerical_Signal
2015-01-20,-0.5464744844389191,-1.0
2015-01-21,2.5770656276598025,1.0
2015-01-22,7.608164698043329,0.0
2015-01-23,8.202699368128208,0.0
2015-01-26,3.8268330992726307,0.0
2015-01-27,-1.5546525631946029,-1.0
2015-01-28,-1.929932935957901,0.0
2015-01-29,0.6103899836613191,1.0
2015-01-30,-2.7355842817839315,-1.0
2015-02-02,0.10203250162557076,1.0
2015-02-03,0.7515071768459336,0.0
2015-02-04,0.6993431247698245,0.0
2015-02-05,0.9359362647879843,0.0
2015-02-06,-1.2106602330664518,-1.0
2015-02-09,-1.5934022606719944,0.0
2015-02-10,1.600410851920886,1.0
2015-02-11,6.011172447790725,0.0
2015-02-12,15.484196728590561,0.0
2015-02-13,12.790721109591207,0.0
2015-02-17,16.56247075139492,0.0
2015-02-18,12.742113422248647,0.0
2015-02-19,10.293391202370671,0.0
2015-02-20,10.813465039132875,0.0
2015-02-23,8.15037276806616,0.0
2015-02-24,9.783854635456013,0.0
2015-02-25,9.05418603280781,0.0
2015-02-26,6.374595610931455,0.0
2015-02-27,6.414984531704748,0.0
2015-03-02,1.7355019162072605,0.0
2015-03-03,-0.19989577141676929,-1.0
2015-03-04,0.6093319245845885,1.0
2015-03-05,3.7432943114426243,0.0
2015-03-06,2.059644734995847,0.0
2015-03-09,1.5982752551683577,0.0
2015-03-10,4.190189594198124,0.0
2015-03-11,2.554884694259041,0.0
2015-03-12,2.393871117747426,0.0
2015-03-13,2.2522402533750707,0.0
2015-03-16,4.125079592464154,0.0
2015-03-17,2.8761322570869607,0.0
2015-03-18,3.110921121355048,0.0
2015-03-19,3.522082039980523,0.0
2015-03-20,2.668445059995883,0.0
2015-03-23,0.7095202377415122,0.0
2015-03-24,-0.9287797968288714,-1.0
2015-03-25,-8.521690617700873,0.0
2015-03-26,-8.347947769768693,0.0
2015-03-27,-5.690340291438889,0.0
2015-03-30,-5.418529778931324,0.0
2015-03-31,-8.881175572348054,0.0
2015-04-01,-9.634356755843266,0.0
2015-04-02,-7.914317886560951,0.0
2015-04-06,-6.675270170148828,0.0
2015-04-07,-6.859826326037711,0.0
2015-04-08,-3.0382762712743427,0.0
2015-04-09,0.5803953744662582,1.0
2015-04-10,8.174893429013297,0.0
2015-04-13,7.534640230442058,0.0
2015-04-14,4.583712344778901,0.0
2015-04-15,5.402930782854343,0.0
2015-04-16,7.45343406517085,0.0
2015-04-17,5.663954577851094,0.0
2015-04-20,4.89076748256021,0.0
2015-04-21,1.7997728960774007,0.0
2015-04-22,2.058564363243698,0.0
2015-04-23,0.9082019991545565,0.0
2015-04-24,-2.219306338689808,-1.0
2015-04-27,-2.4604403391023766,0.0
2015-04-28,-1.0642913290271672,0.0
2015-04-29,-0.9839023549254478,0.0
2015-04-30,-1.9001325045792772,0.0
2015-05-01,1.1560902864454325,1.0
2015-05-04,1.846792871981373,0.0
2015-05-05,-0.27161077657115174,-1.0
2015-05-06,0.18129752905287067,1.0
2015-05-07,0.8068080277554124,0.0
2015-05-08,-6.255642851956955,-1.0
2015-05-11,-6.354901388202528,0.0
2015-05-12,-6.171252868965416,0.0
2015-05-13,-6.095921076811672,0.0
2015-05-14,-3.8392460308989906,0.0
2015-05-15,-4.05408372491769,0.0
2015-05-18,-6.505526397130145,0.0
2015-05-19,-6.513102249493896,0.0
2015-05-20,-4.051810503616515,0.0
2015-05-21,-5.037609600202419,0.0
2015-05-22,-6.818350594063604,0.0
2015-05-26,-0.01936187305097148,0.0
2015-05-27,6.355189058005206,1.0
2015-05-28,6.781062472686994,0.0
2015-05-29,6.1213788125159985,0.0
2015-06-01,5.606389943147327,0.0
2015-06-02,3.481497382955534,0.0
2015-06-03,2.4938343670363183,0.0
2015-06-04,4.99055174021108,0.0
2015-06-05,5.7985380276800225,0.0
2015-06-08,4.116828919229687,0.0
2015-06-09,4.793866650294687,0.0
2015-06-10,3.569713924607365,0.0
2015-06-11,-0.6410367010849627,-1.0
2015-06-12,-4.65223898428807,0.0
2015-06-15,-4.789861704789178,0.0
2015-06-16,-4.6916866477589085,0.0
2015-06-17,-1.640834312105166,0.0
2015-06-18,1.1060375524553745,1.0
2015-06-19,-0.9959664085159248,-1.0
2015-06-22,-2.1563799795158434,0.0
2015-06-23,-2.43681214902558,0.0
2015-06-24,-3.888330378290872,0.0
2015-06-25,-1.3973140506059134,0.0
2015-06-26,-4.42390051688707,0.0
2015-06-29,-4.689686447719621,0.0
2015-06-30,-4.556250962153596,0.0
2015-07-01,-4.360041586062113,0.0
2015-07-02,-5.375359089022346,0.0
2015-07-06,-8.067478399011796,0.0
2015-07-07,-9.510725859271464,0.0
2015-07-08,-9.779601630838242,0.0
2015-07-09,-8.529677005268145,0.0
2015-07-10,-5.997196702861174,0.0
2015-07-13,-6.09351566941756,0.0
2015-07-14,-4.098401147601727,0.0
2015-07-15,-1.838988540083697,0.0
2015-07-16,0.3978328373384299,1.0
2015-07-17,-1.6176407826716144,-1.0
2015-07-20,-3.5259519278996287,0.0
2015-07-21,-1.8839747973039,0.0
2015-07-22,-1.920162383280799,0.0
2015-07-23,0.0,0.0
2015-07-24,0.05151618083905074,1.0
2015-07-27,-2.227864884048869,-1.0
2015-07-28,-0.7545355446884394,0.0
2015-07-29,0.4021960615717468,1.0
2015-07-30,1.3671102427364357,0.0
2015-07-31,-1.1887082052362663,-1.0
2015-08-03,1.0961406980083854,1.0
2015-08-04,3.4009925028454457,0.0
2015-08-05,3.991899503566132,0.0
2015-08-06,5.358050779981616,0.0
2015-08-07,16.94663071154665,0.0
2015-08-10,22.45110036310354,0.0
2015-08-11,22.527177774030815,0.0
2015-08-12,20.223024790574094,0.0
2015-08-13,17.776642054720337,0.0
2015-08-14,17.58242941135404,0.0
2015-08-17,17.2431110522105,0.0
2015-08-18,14.229180595470625,0.0
2015-08-19,13.33688115383682,0.0
2015-08-20,8.130441440095382,0.0
2015-08-21,5.429523822370119,0.0
2015-08-24,-9.499004667036637,-1.0
2015-08-25,-14.359434950472105,0.0
2015-08-26,-7.431205381112516,0.0
2015-08-27,-4.193892973152124,0.0
2015-08-28,-2.9521687014577136,0.0
2015-08-31,-4.101185195105206,0.0
2015-09-01,-7.436020686499911,0.0
2015-09-02,-3.769463486271285,0.0
2015-09-03,-3.1317684803282453,0.0
2015-09-04,-1.8501775837126977,0.0
2015-09-08,5.635759723110856,1.0
2015-09-09,7.33943161472137,0.0
2015-09-10,11.341252958370562,0.0
2015-09-11,3.8514412135100207,0.0
2015-09-14,0.2651648569592435,0.0
2015-09-15,0.9238695376185158,0.0
2015-09-16,2.7579846762991522,0.0
2015-09-17,8.116846959013468,0.0
2015-09-18,4.862717348646317,0.0
2015-09-21,5.657849598664355,0.0
2015-09-22,5.241351625483404,0.0
2015-09-23,1.4109252273971418,0.0
2015-09-24,5.443106991662394,0.0
2015-09-25,4.561521881654107,0.0
2015-09-28,2.869755094827986,0.0
2015-09-29,4.495373049098661,0.0
2015-09-30,7.45423366037703,0.0
2015-10-01,4.632037853947768,0.0
2015-10-02,6.39213488726007,0.0
2015-10-05,9.14550890977257,0.0
2015-10-06,9.434780184186975,0.0
2015-10-07,13.674091028460733,0.0
2015-10-08,13.782634653852499,0.0
2015-10-09,11.220107981713356,0.0
2015-10-12,11.605254317327041,0.0
2015-10-13,13.304685747583989,0.0
2015-10-14,15.394350670999145,0.0
2015-10-15,11.277897376715561,0.0
2015-10-16,15.266880608697742,0.0
2015-10-19,12.13706685490723,0.0
2015-10-20,9.244667321068722,0.0
2015-10-21,6.446594717918908,0.0
2015-10-22,9.146825621246224,0.0
2015-10-23,9.247229881461783,0.0
2015-10-26,9.167657992390188,0.0
2015-10-27,7.931682743114821,0.0
2015-10-28,8.598492474029108,0.0
2015-10-29,1.1695645899088225,0.0
2015-10-30,3.426887373839116,0.0
2015-11-02,3.01503808510859,0.0
2015-11-03,2.4811430185051497,0.0
2015-11-04,0.9362742162800197,0.0
2015-11-05,1.0944896938782422,0.0
2015-11-06,11.091530929547954,0.0
2015-11-09,9.863598532958928,0.0
2015-11-10,8.257208596887345,0.0
2015-11-11,7.2785080843087435,0.0
2015-11-12,6.034214547132155,0.0
2015-11-13,7.65894485131926,0.0
2015-11-16,7.155477474739147,0.0
2015-11-17,5.923396518542523,0.0
2015-11-18,9.290624938148163,0.0
2015-11-19,11.445487485159301,0.0
2015-11-20,13.710537875417184,0.0
2015-11-23,-1.624675667318043,-1.0
2015-11-24,-0.3872639908750086,0.0
2015-11-25,1.4222779229068339,1.0
2015-11-27,3.2749432217505703,0.0
2015-11-30,4.738305403731702,0.0
2015-12-01,10.3166815960148,0.0
2015-12-02,7.313807944551498,0.0
2015-12-03,7.082678376134277,0.0
2015-12-04,8.765691180435354,0.0
2015-12-07,6.394625845207513,0.0
2015-12-08,6.913066450136318,0.0
2015-12-09,5.789117846978131,0.0
2015-12-10,5.806836157975082,0.0
2015-12-11,4.368790496548369,0.0
2015-12-14,3.759168732702811,0.0
2015-12-15,3.9407095763654754,0.0
2015-12-16,1.2824509875673185,0.0
2015-12-17,0.5230956412280108,0.0
2015-12-18,-0.894205396242409,-1.0
2015-12-21,-2.5184925748089837,0.0
2015-12-22,-0.5436469417793299,0.0
2015-12-23,-1.4899070460733466,0.0
2015-12-24,1.406325570625322,1.0
2015-12-28,0.4851450175104466,0.0
2015-12-29,3.66266759966114,0.0
2015-12-30,2.517683980992058,0.0
2015-12-31,-0.030309455090093973,-1.0
2016-01-04,-2.411822333529756,0.0
2016-01-05,0.6733722947300347,1.0
2016-01-06,-1.8979453014937309,-1.0
2016-01-07,-7.963548011201671,0.0
2016-01-08,-10.021234966912186,0.0
2016-01-11,-10.22383902297056,0.0
2016-01-12,-9.014194166175605,0.0
2016-01-13,-11.707896020840302,0.0
2016-01-14,-14.875302281835667,0.0
2016-01-15,-18.808047156880225,0.0
2016-01-19,-17.081316754297927,0.0
2016-01-20,-15.106595269784195,0.0
2016-01-21,-15.475811791854543,0.0
2016-01-22,-9.768479443108335,0.0
2016-01-25,-6.142653505215212,0.0
2016-01-26,-3.138763818086898,0.0
2016-01-27,-4.447442204374874,0.0
2016-01-28,-7.057630794367298,0.0
2016-01-29,0.10254104731484137,1.0
2016-02-01,2.1973947296342056,0.0
2016-02-02,3.5042315384803846,0.0
2016-02-03,3.1832942047535173,0.0
2016-02-04,2.656483239373353,0.0
2016-02-05,-4.928057623508386,-1.0
2016-02-08,-11.35323318824215,0.0
2016-02-09,-10.30962887983925,0.0
2016-02-10,-11.393710920769607,0.0
2016-02-11,-10.789800791430793,0.0
2016-02-12,-8.270950514343589,0.0
2016-02-16,-7.8525125016975394,0.0
2016-02-17,-5.597253049329886,0.0
2016-02-18,7.056316016964703,1.0
2016-02-19,7.943269391805319,0.0
2016-02-22,11.733421144848988,0.0
2016-02-23,19.561100237182405,0.0
2016-02-24,26.169680015330087,0.0
2016-02-25,25.10787248693722,0.0
2016-02-26,24.577282293223135,0.0
2016-02-29,24.40410958110364,0.0
2016-03-01,27.74705711706913,0.0
2016-03-02,22.48984870025794,0.0
2016-03-03,18.470572179525636,0.0
2016-03-04,8.75033570737347,0.0
2016-03-07,6.628873905810151,0.0
2016-03-08,1.0966867162619964,0.0
2016-03-09,0.777242334547612,0.0
2016-03-10,-0.07725287220051724,-1.0
2016-03-11,1.4028761930825917,1.0
2016-03-14,2.328506899072602,0.0
2016-03-15,2.4872785186032864,0.0
2016-03-16,1.0686665079900015,0.0
2016-03-17,-0.3643194558975882,-1.0
2016-03-18,3.552833619324036,1.0
2016-03-21,4.178147545895228,0.0
2016-03-22,4.669150510952047,0.0
2016-03-23,8.440935685786922,0.0
2016-03-24,8.666871465286551,0.0
2016-03-28,9.943163982549375,0.0
2016-03-29,9.838628284125871,0.0
2016-03-30,10.712106747011862,0.0
2016-03-31,10.858701712519458,0.0
2016-04-01,9.214529318545717,0.0
2016-04-04,9.079828739521156,0.0
2016-04-05,5.737927713418123,0.0
2016-04-06,5.573572161910678,0.0
2016-04-07,4.667643644214947,0.0
2016-04-08,3.5724932044293833,0.0
2016-04-11,4.060301998569993,0.0
2016-04-12,2.89982482426685,0.0
2016-04-13,3.814627433286999,0.0
2016-04-14,3.0201223033905045,0.0
2016-04-15,4.209944188173154,0.0
2016-04-18,2.2683278502351634,0.0
2016-04-19,1.4245875776904393,0.0
2016-04-20,1.9580377961225581,0.0
2016-04-21,1.703919541949439,0.0
2016-04-22,2.370862897460224,0.0
2016-04-25,2.215349977591252,0.0
2016-04-26,1.6722618153711455,0.0
2016-04-27,4.101537572250402,0.0
2016-04-28,-1.4697722557684756,-1.0
2016-04-29,-3.5559220244962497,0.0
2016-05-02,-3.0433319092701305,0.0
2016-05-03,-3.7868462658389945,0.0
2016-05-04,-4.26879196572485,0.0
2016-05-05,-4.060354485324924,0.0
2016-05-06,-2.96622677620747,0.0
2016-05-09,-2.7295298850261496,0.0
2016-05-10,-1.3443037998355112,0.0
2016-05-11,-1.151328016507036,0.0
2016-05-12,-4.663614743320088,0.0
2016-05-13,13.204385198686786,1.0
2016-05-16,18.744771714978903,0.0
2016-05-17,17.444442468362276,0.0
2016-05-18,21.900465693594917,0.0
2016-05-19,25.287657874437784,0.0
2016-05-20,26.765828577339825,0.0
2016-05-23,25.67224578964613,0.0
2016-05-24,28.90529986585195,0.0
2016-05-25,25.937970118997853,0.0
2016-05-26,26.923304899436307,0.0
2016-05-27,29.376393268672985,0.0
2016-05-31,14.302924742271706,0.0
2016-06-01,11.238538383109242,0.0
2016-06-02,11.7842981048198,0.0
2016-06-03,7.473929992198203,0.0
2016-06-06,6.452577616718269,0.0
2016-06-07,4.78295943981597,0.0
2016-06-08,4.2791175580421115,0.0
2016-06-09,4.453266142824797,0.0
2016-06-10,2.2802500247272484,0.0
2016-06-13,2.4972867950693534,0.0
2016-06-14,2.135084928778652,0.0
2016-06-15,1.3698540432776962,0.0
2016-06-16,1.5808171473293608,0.0
2016-06-17,-0.8909416723454688,-1.0
2016-06-20,2.3235868049239716,1.0
2016-06-21,2.227473553109971,0.0
2016-06-22,1.9425918155807187,0.0
2016-06-23,5.0021541700093985,0.0
2016-06-24,-3.482485181519279,-1.0
2016-06-27,-2.0778935199662563,0.0
2016-06-28,-1.9021439895382186,0.0
2016-06-29,-0.49062495403272566,0.0
2016-06-30,-0.7390246285830404,0.0
2016-07-01,-1.871661030866345,0.0
2016-07-05,1.3484625794903948,1.0
2016-07-06,0.18924540055769157,0.0
2016-07-07,3.4271308101621933,0.0
2016-07-08,7.664618103192189,0.0
2016-07-11,7.279837109961695,0.0
2016-07-12,15.460300934627869,0.0
2016-07-13,16.66664340892636,0.0
2016-07-14,16.165562926519208,0.0
2016-07-15,12.968909905776904,0.0
2016-07-18,12.678164567161442,0.0
2016-07-19,14.702114472844062,0.0
2016-07-20,14.508946359176766,0.0
2016-07-21,11.689375038154171,0.0
2016-07-22,11.822477635728967,0.0
2016-07-25,9.49853181796434,0.0
2016-07-26,8.861988324729463,0.0
2016-07-27,6.174247500220975,0.0
2016-07-28,6.441857610708035,0.0
2016-07-29,7.0892850913851335,0.0
2016-08-01,7.6470678215433185,0.0
2016-08-02,5.7957473960983386,0.0
2016-08-03,4.988744596757688,0.0
2016-08-04,5.551465418488188,0.0
2016-08-05,9.357397126126955,0.0
2016-08-08,7.444648294355405,0.0
2016-08-09,5.76510928450602,0.0
2016-08-10,3.3197634269054532,0.0
2016-08-11,6.493037141654789,0.0
2016-08-12,12.210738340197548,0.0
2016-08-15,10.297756682953851,0.0
2016-08-16,10.347277287072277,0.0
2016-08-17,9.118462621397793,0.0
2016-08-18,10.517879806252584,0.0
2016-08-19,8.789106733662022,0.0
2016-08-22,7.422710020719014,0.0
2016-08-23,7.296435955610181,0.0
2016-08-24,5.372950621626971,0.0
2016-08-25,5.355318085148064,0.0
2016-08-26,4.0943114746630815,0.0
2016-08-29,-1.4843969004950885,-1.0
2016-08-30,-1.9632125877297568,0.0
2016-08-31,-1.8322208383644178,0.0
2016-09-01,3.4609455382689003,1.0
2016-09-02,0.8779978246336251,0.0
2016-09-06,1.5681069072612575,0.0
2016-09-07,-0.3445644568558115,-1.0
2016-09-08,-0.4291976778034723,0.0
2016-09-09,-3.906986295270043,0.0
2016-09-12,-1.2676676141703647,0.0
2016-09-13,-3.482175893998951,0.0
2016-09-14,-2.564931827982797,0.0
2016-09-15,1.7199242524522873,1.0
2016-09-16,2.4453734238128133,0.0
2016-09-19,0.8234319016843461,0.0
2016-09-20,0.8955654055071482,0.0
2016-09-21,2.756662635454421,0.0
2016-09-22,4.550570450318103,0.0
2016-09-23,3.687759035477023,0.0
2016-09-26,8.098106668410555,0.0
2016-09-27,9.530853141103757,0.0
2016-09-28,11.541677657460635,0.0
2016-09-29,11.589398765033998,0.0
2016-09-30,9.299725601514751,0.0
2016-10-03,8.927450325938246,0.0
2016-10-04,7.271893288182363,0.0
2016-10-05,8.147094990716862,0.0
2016-10-06,3.823614763036498,0.0
2016-10-07,2.8145486523624808,0.0
2016-10-10,3.3102133946680823,0.0
2016-10-11,2.782080238142215,0.0
2016-10-12,-0.1653059449385208,-1.0
2016-10-13,-2.1413628591339884,0.0
2016-10-14,-2.091984339388142,0.0
2016-10-17,-4.246919742714761,0.0
2016-10-18,-2.6880650591198707,0.0
2016-10-19,-2.6793837236460893,0.0
2016-10-20,-0.7328187288322074,0.0
2016-10-21,0.2970059345760667,1.0
2016-10-24,5.77411110001711,0.0
2016-10-25,7.108821401102272,0.0
2016-10-26,9.118407000378959,0.0
2016-10-27,6.397706985882534,0.0
2016-10-28,7.972465942172602,0.0
2016-10-31,7.834523019971851,0.0
2016-11-01,5.243104072818738,0.0
2016-11-02,3.2277182186800424,0.0
2016-11-03,2.2416449060266963,0.0
2016-11-04,-0.23623802063040822,-1.0
2016-11-07,5.522659796738472,1.0
2016-11-08,0.636391904549849,0.0
2016-11-09,-2.657575328992423,-1.0
2016-11-10,-6.08367100642816,0.0
2016-11-11,24.46240100632582,1.0
2016-11-14,18.537411811517046,0.0
2016-11-15,21.12143372796873,0.0
2016-11-16,32.70089566982819,0.0
2016-11-17,34.36587433268778,0.0
2016-11-18,37.37492800579163,0.0
2016-11-21,37.605452833021616,0.0
2016-11-22,31.401692706562166,0.0
2016-11-23,32.25224459356859,0.0
2016-11-25,34.792687170204914,0.0
2016-11-28,39.0746560929099,0.0
2016-11-29,6.160738254885634,0.0
2016-11-30,10.399371220810828,0.0
2016-12-01,1.8345440387413703,0.0
2016-12-02,-3.3259261869023726,-1.0
2016-12-05,-0.4031027241437779,0.0
2016-12-06,0.18187695564455542,1.0
2016-12-07,2.400902018228246,0.0
2016-12-08,-0.03209093785041528,-1.0
2016-12-09,-2.287936115835376,0.0
2016-12-12,-4.853443391760237,0.0
2016-12-13,-3.1239861946584457,0.0
2016-12-14,3.4316354777975455,1.0
2016-12-15,7.060722736282288,0.0
2016-12-16,14.570988401581332,0.0
2016-12-19,14.901064611127524,0.0
2016-12-20,14.464517854145864,0.0
2016-12-21,13.320515706826907,0.0
2016-12-22,12.66434081517076,0.0
2016-12-23,17.43693763288361,0.0
2016-12-27,27.771695373564633,0.0
2016-12-28,21.944436430838678,0.0
2016-12-29,22.222182111266342,0.0
2016-12-30,10.668715958532559,0.0
2017-01-03,3.343152009961914,0.0
2017-01-04,3.9637596364510586,0.0
2017-01-05,0.1082400551829954,0.0
2017-01-06,-1.9681931678193987,-1.0
2017-01-09,1.3700737663075113,1.0
2017-01-10,-0.5975238854560971,-1.0
2017-01-11,-4.208450814508713,0.0
2017-01-12,-11.830895410149822,0.0
2017-01-13,-5.327248074196945,0.0
2017-01-17,-9.261415438341968,0.0
2017-01-18,-3.5506852276726786,0.0
2017-01-19,3.0879162569644736,1.0
2017-01-20,-0.3640297407021875,-1.0
2017-01-23,3.2927190123926753,1.0
2017-01-24,4.102772875670335,0.0
2017-01-25,0.4754408640028629,0.0
2017-01-26,2.986758380238852,0.0
2017-01-27,6.285670311668801,0.0
2017-01-30,6.361167852719118,0.0
2017-01-31,5.5592815012381,0.0
2017-02-01,12.699010681302592,0.0
2017-02-02,12.08352753819446,0.0
2017-02-03,8.767611989854874,0.0
2017-02-06,12.787219286215269,0.0
2017-02-07,13.359947009682749,0.0
2017-02-08,10.509632094016762,0.0
2017-02-09,7.969163144742097,0.0
2017-02-10,3.620613078510315,0.0
2017-02-13,-3.033015144636453,-1.0
2017-02-14,-1.1270486574680438,0.0
2017-02-15,-0.1648220019906277,0.0
2017-02-16,-5.879752465276389,0.0
2017-02-17,-7.0716320648034126,0.0
2017-02-21,-2.8938835183574874,0.0
2017-02-22,-5.464328826499399,0.0
2017-02-23,-15.540303908709408,0.0
2017-02-24,-14.351208434373186,0.0
2017-02-27,-10.172039685483202,0.0
2017-02-28,-10.572019010502398,0.0
2017-03-01,-5.038069186725414,0.0
2017-03-02,-8.875785560476967,0.0
2017-03-03,-9.583273683945038,0.0
2017-03-06,-8.817469443456627,0.0
2017-03-07,-7.801373174706406,0.0
2017-03-08,-11.151139485395046,0.0
2017-03-09,-11.0328973916207,0.0
2017-03-10,-1.3633153810483134,0.0
2017-03-13,0.3844281445539055,1.0
2017-03-14,-2.518897308681012,-1.0
2017-03-15,1.0544060850064207,1.0
2017-03-16,0.9923136698393842,0.0
2017-03-17,7.14145369674124,0.0
2017-03-20,11.195755604674673,0.0
2017-03-21,8.436558280636962,0.0
2017-03-22,9.449049647187223,0.0
2017-03-23,8.654598438073835,0.0
2017-03-24,9.062344463099748,0.0
2017-03-27,9.211048139022292,0.0
2017-03-28,5.7338883271049745,0.0
2017-03-29,5.462765537579939,0.0
2017-03-30,6.679637611730871,0.0
2017-03-31,4.93204922577859,0.0
2017-04-03,2.1777728842429456,0.0
2017-04-04,-7.92142920236728,-1.0
2017-04-05,-5.5518666729713395,0.0
2017-04-06,-6.764139814987269,0.0
2017-04-07,-6.312428945553594,0.0
2017-04-10,-9.025792811535027,0.0
2017-04-11,-9.357956744728302,0.0
2017-04-12,-9.638779303474864,0.0
2017-04-13,-11.039711408538821,0.0
2017-04-17,-9.296139760367472,0.0
2017-04-18,-8.849687824253937,0.0
2017-04-19,-8.027314821587673,0.0
2017-04-20,0.47632363683980383,1.0
2017-04-21,1.649511338946752,0.0
2017-04-24,2.173496914502726,0.0
2017-04-25,4.395475208698052,0.0
2017-04-26,6.392565198831224,0.0
2017-04-27,7.664104299513297,0.0
2017-04-28,7.183268286377764,0.0
2017-05-01,11.676623426325406,0.0
2017-05-02,4.282966372109764,0.0
2017-05-03,4.9954343181535465,0.0
2017-05-04,4.183402137407177,0.0
2017-05-05,2.5676283107635145,0.0
2017-05-08,1.0719662225384896,0.0
2017-05-09,-0.009719523658824336,-1.0
2017-05-10,15.80102863071382,1.0
2017-05-11,21.611213322000555,0.0
2017-05-12,21.062065550981224,0.0
2017-05-15,28.772736415620237,0.0
2017-05-16,28.291439970111544,0.0
2017-05-17,23.424808170045463,0.0
2017-05-18,27.645126175748167,0.0
2017-05-19,31.09605937125963,0.0
2017-05-22,33.87858544859541,0.0
2017-05-23,33.4770171845836,0.0
2017-05-24,34.75420598095258,0.0
2017-05-25,14.111333188529107,0.0
2017-05-26,12.244613311709895,0.0
2017-05-30,13.396335400585514,0.0
2017-05-31,7.588442948886742,0.0
2017-06-01,5.62973292824509,0.0
2017-06-02,12.583225706435396,0.0
2017-06-05,11.344286187046126,0.0
2017-06-06,8.338230828684612,0.0
2017-06-07,7.3577839325627,0.0
2017-06-08,16.71896776830817,0.0
2017-06-09,7.959863218469643,0.0
2017-06-12,8.46953664621013,0.0
2017-06-13,6.739991386779565,0.0
2017-06-14,4.728367384393395,0.0
2017-06-15,5.555952152122168,0.0
2017-06-16,5.029103563676274,0.0
2017-06-19,9.523823611241289,0.0
2017-06-20,6.134746273046998,0.0
2017-06-21,8.232642161688798,0.0
2017-06-22,6.203053328821406,0.0
2017-06-23,-3.820166506902567,-1.0
2017-06-26,1.7045391455826175,1.0
2017-06-27,-2.260463782201272,-1.0
2017-06-28,0.23117882189955807,1.0
2017-06-29,-3.3219073008210143,-1.0
2017-06-30,-5.125661673294224,0.0
2017-07-03,-8.105787824709331,0.0
2017-07-05,-9.070700981424329,0.0
2017-07-06,-8.663854012489413,0.0
2017-07-07,-7.97016268567321,0.0
2017-07-10,-2.94877965770739,0.0
2017-07-11,1.3326157809704142,1.0
2017-07-12,6.809095822623279,0.0
2017-07-13,9.58522082853841,0.0
2017-07-14,8.698460177498024,0.0
2017-07-17,11.978468090043126,0.0
2017-07-18,14.803537700302405,0.0
2017-07-19,18.495680408749582,0.0
2017-07-20,17.091940931716888,0.0
2017-07-21,17.159226662050074,0.0
2017-07-24,13.212061468160385,0.0
2017-07-25,7.57972520978798,0.0
2017-07-26,7.3005121779495585,0.0
2017-07-27,-0.47384000036132523,-1.0
2017-07-28,2.3407737260482175,1.0
2017-07-31,-1.4791775885490743,-1.0
2017-08-01,0.14611499914858328,1.0
2017-08-02,-0.9460425776770975,-1.0
2017-08-03,0.8358268254514911,1.0
2017-08-04,-0.1731121498506405,-1.0
2017-08-07,2.528260985218833,1.0
2017-08-08,2.4977380110516867,0.0
2017-08-09,4.088288022454689,0.0
2017-08-10,-1.5066844615644226,-1.0
2017-08-11,-3.573642367062546,0.0
2017-08-14,2.4393410602006504,1.0
2017-08-15,2.7505457304658476,0.0
2017-08-16,0.4012211835108914,0.0
2017-08-17,-1.7762618256777274,-1.0
2017-08-18,-2.9913411339818285,0.0
2017-08-21,-4.820301859007625,0.0
2017-08-22,-5.603102836948981,0.0
2017-08-23,-2.556688103400817,0.0
2017-08-24,-3.9361737706029243,0.0
2017-08-25,-0.47697598095707283,0.0
2017-08-28,5.870255861004381,1.0
2017-08-29,-2.1110105705946403,-1.0
2017-08-30,-0.691169637258271,0.0
2017-08-31,2.6879585654973503,1.0
2017-09-01,5.660531061802421,0.0
2017-09-05,2.821083450616113,0.0
2017-09-06,4.276453364254151,0.0
2017-09-07,2.4792323847763864,0.0
2017-09-08,-1.2726129297752964,-1.0
2017-09-11,2.3063929382239445,1.0
2017-09-12,3.540702099134574,0.0
2017-09-13,3.2733371071517636,0.0
2017-09-14,2.8536681733561498,0.0
2017-09-15,8.709575593232977,0.0
2017-09-18,10.688173591007,0.0
2017-09-19,9.908535739714331,0.0
2017-09-20,12.012521927505837,0.0
2017-09-21,9.016343071111876,0.0
2017-09-22,7.455934715780432,0.0
2017-09-25,4.465774994800786,0.0
2017-09-26,1.7515197503310098,0.0
2017-09-27,3.6083180373575274,0.0
2017-09-28,3.1167211210273216,0.0
2017-09-29,5.531260398952975,0.0
2017-10-02,-0.6162613492432301,-1.0
2017-10-03,-4.361493103556491,0.0
2017-10-04,-3.4587772730995003,0.0
2017-10-05,-2.728134162633611,0.0
2017-10-06,0.2987218484284515,1.0
2017-10-09,3.569785203316833,0.0
2017-10-10,10.485346016565256,0.0
2017-10-11,11.037442123570207,0.0
2017-10-12,8.706511315920217,0.0
2017-10-13,10.7639197841495,0.0
2017-10-16,10.717640293467113,0.0
2017-10-17,10.474842205857748,0.0
2017-10-18,10.152189235258046,0.0
2017-10-19,9.3602673843864,0.0
2017-10-20,8.922940964275883,0.0
2017-10-23,8.450109334632527,0.0
2017-10-24,7.1686975686325205,0.0
2017-10-25,2.503595023535432,0.0
2017-10-26,2.487699966818546,0.0
2017-10-27,5.6692765271866286,0.0
2017-10-30,4.753583530013339,0.0
2017-10-31,4.486470290741829,0.0
2017-11-01,4.778755292912806,0.0
2017-11-02,4.231175817264599,0.0
2017-11-03,5.505580979448355,0.0
2017-11-06,6.465223503370754,0.0
2017-11-07,7.837420643843784,0.0
2017-11-08,5.274795979115199,0.0
2017-11-09,6.020853765940926,0.0
2017-11-10,10.450193654690132,0.0
2017-11-13,5.335380893635211,0.0
2017-11-14,5.07258300285689,0.0
2017-11-15,1.5328244696506177,0.0
2017-11-16,2.128348605345032,0.0
2017-11-17,2.631834180915038,0.0
2017-11-20,2.5827823265773597,0.0
2017-11-21,3.0625123819890465,0.0
2017-11-22,1.4381840355309983,0.0
2017-11-24,3.8012694918295953,0.0
2017-11-27,4.368188407867657,0.0
2017-11-28,-2.4445695250826627,-1.0
2017-11-29,-7.559390288895318,0.0
2017-11-30,-6.223977482720134,0.0
2017-12-01,-5.792325670522736,0.0
2017-12-04,-11.729236279276511,0.0
2017-12-05,-11.113527674320567,0.0
2017-12-06,-11.532352426815129,0.0
2017-12-07,-11.07455780900758,0.0
2017-12-08,-10.905898587186291,0.0
2017-12-11,-10.278383002446889,0.0
2017-12-12,-10.880715766460547,0.0
2017-12-13,-11.641558737763358,0.0
2017-12-14,-5.065649259983518,0.0
2017-12-15,-4.558828559689854,0.0
2017-12-18,0.11131224059053313,1.0
2017-12-19,5.062651493916892,0.0
2017-12-20,4.825825694415764,0.0
2017-12-21,3.5030732108940033,0.0
2017-12-22,1.7084198944130602,0.0
2017-12-26,3.107245714750717,0.0
2017-12-27,1.2894191877487415,0.0
2017-12-28,3.4374192520903124,0.0
2017-12-29,3.9316752448615544,0.0
2018-01-02,6.907222326965212,0.0
2018-01-03,10.915634503263384,0.0
2018-01-04,7.928244942069451,0.0
2018-01-05,9.836322702825061,0.0
2018-01-08,12.804899021667527,0.0
2018-01-09,13.29828446134953,0.0
2018-01-10,14.549071164837857,0.0
2018-01-11,13.492691249718458,0.0
2018-01-12,13.090249715400004,0.0
2018-01-16,11.504547805445252,0.0
2018-01-17,16.134390331461045,0.0
2018-01-18,12.58592401693328,0.0
2018-01-19,8.30235041745928,0.0
2018-01-22,9.410515519022278,0.0
2018-01-23,10.914585193530147,0.0
2018-01-24,6.216220277949169,0.0
2018-01-25,6.4927440926709545,0.0
2018-01-26,8.784899886115971,0.0
2018-01-29,10.16155417533322,0.0
2018-01-30,8.852814126129772,0.0
2018-01-31,11.671497047844026,0.0
2018-02-01,7.022053668142325,0.0
2018-02-02,4.045608320017813,0.0
2018-02-05,-7.131365894679398,-1.0
2018-02-06,-3.4703626828070266,0.0
2018-02-07,-4.23172530699143,0.0
2018-02-08,-7.752330047547618,0.0
2018-02-09,-1.80661488746231,0.0
2018-02-12,-6.287771734177028,0.0
2018-02-13,-5.760574883278203,0.0
2018-02-14,-0.5355977015302549,0.0
2018-02-15,0.28474023925963987,1.0
2018-02-16,1.3887374242471884,0.0
2018-02-20,6.663274115645024,0.0
2018-02-21,13.013540209705798,0.0
2018-02-22,7.412204389985688,0.0
2018-02-23,7.553699878448761,0.0
2018-02-26,13.430133719293647,0.0
2018-02-27,6.0896447263369735,0.0
2018-02-28,6.1923396801442765,0.0
2018-03-01,-0.11851375330719227,-1.0
2018-03-02,-1.9605338614465007,0.0
2018-03-05,-4.342187698522226,0.0
2018-03-06,-0.6272455789543385,0.0
2018-03-07,-2.8463818924675532,0.0
2018-03-08,-0.07454169831461188,0.0
2018-03-09,1.3132486258958576,1.0
2018-03-12,1.557344121782589,0.0
2018-03-13,0.45826806856943403,0.0
2018-03-14,1.0891781872674366,0.0
2018-03-15,3.0330745250968016,0.0
2018-03-16,7.867865704428589,0.0
2018-03-19,1.8855547404938333,0.0
2018-03-20,5.91128041319946,0.0
2018-03-21,2.642903906515248,0.0
2018-03-22,0.004128115342405536,0.0
2018-03-23,-3.404122326154113,-1.0
2018-03-26,-0.34650293793357934,0.0
2018-03-27,-9.705312956920565,0.0
2018-03-28,-10.641476779418069,0.0
2018-03-29,-6.894771493167617,0.0
2018-04-02,-11.345961884005295,0.0
2018-04-03,-10.032721384100851,0.0
2018-04-04,-6.124459845103947,0.0
2018-04-05,-11.298952500506577,0.0
2018-04-06,-13.80351289372731,0.0
2018-04-09,-10.93239199188245,0.0
2018-04-10,-2.1719293804450257,0.0
2018-04-11,-7.460710923496094,0.0
2018-04-12,4.0262462674086175,1.0
2018-04-13,4.585493876903501,0.0
2018-04-16,-0.04314984372016939,-1.0
2018-04-17,7.459846821858274,1.0
2018-04-18,4.89015952274372,0.0
2018-04-19,1.23762627163988,0.0
2018-04-20,3.311047492555619,0.0
2018-04-23,4.494750942444736,0.0
2018-04-24,2.6879094491933486,0.0
2018-04-25,-4.936141316986498,-1.0
2018-04-26,-0.4508768915349126,0.0
2018-04-27,-3.525142237241574,0.0
2018-04-30,-2.8509693005902004,0.0
2018-05-01,-1.8791231197258562,0.0
2018-05-02,-4.727614383459944,0.0
2018-05-03,-1.4299652552077213,0.0
2018-05-04,4.374744718975032,1.0
2018-05-07,8.731549426806119,0.0
2018-05-08,11.84563424154259,0.0
2018-05-09,15.632916256214301,0.0
2018-05-10,20.063656334076562,0.0
2018-05-11,13.013948436703359,0.0
2018-05-14,12.826392198682,0.0
2018-05-15,9.186305911517811,0.0
2018-05-16,8.307650378290798,0.0
2018-05-17,9.456050903774326,0.0
2018-05-18,5.558185606327259,0.0
2018-05-21,2.1668344236529746,0.0
2018-05-22,-2.404704518693679,-1.0
2018-05-23,-1.081060278650836,0.0
2018-05-24,-3.102998020328085,0.0
2018-05-25,-4.111729532297836,0.0
2018-05-29,-2.2733068757187724,0.0
2018-05-30,-0.8668188172062941,0.0
2018-05-31,2.763439246609156,1.0
2018-06-01,4.784077923823848,0.0
2018-06-04,6.985505191878016,0.0
2018-06-05,7.84496592032824,0.0
2018-06-06,8.628369526568536,0.0
2018-06-07,8.39003805373264,0.0
2018-06-08,5.954617531517581,0.0
2018-06-11,5.220248250720472,0.0
2018-06-12,5.33537369814705,0.0
2018-06-13,5.555314932458999,0.0
2018-06-14,5.502184396852106,0.0
2018-06-15,5.182625588578027,0.0
2018-06-18,2.89961337192437,0.0
2018-06-19,-1.7670418410391742,-1.0
2018-06-20,-1.0412358279181522,0.0
2018-06-21,-3.032245884027729,0.0
2018-06-22,-4.5454572096028105,0.0
2018-06-25,-8.83027224807459,0.0
2018-06-26,-7.148344062123957,0.0
2018-06-27,-10.229272523203681,0.0
2018-06-28,-8.20881559252965,0.0
2018-06-29,-11.243479588048155,0.0
2018-07-02,-8.678282060976716,0.0
2018-07-03,-10.656766660938732,0.0
2018-07-05,-6.703296638212885,0.0
2018-07-06,-5.71082008150311,0.0
2018-07-09,-3.0570516290566063,0.0
2018-07-10,0.9165133976312356,1.0
2018-07-11,3.5170486591558525,0.0
2018-07-12,3.818333655957251,0.0
2018-07-13,5.76957034499006,0.0
2018-07-16,3.04740142768698,0.0
2018-07-17,7.087370052456277,0.0
2018-07-18,3.9051965204979,0.0
2018-07-19,6.413628394108817,0.0
2018-07-20,3.361733696268443,0.0
2018-07-23,0.8409855175892433,0.0
2018-07-24,-0.21662877163611816,-1.0
2018-07-25,-0.5449016613929603,0.0
2018-07-26,2.9531787167199175,1.0
2018-07-27,0.31444327654586157,0.0
2018-07-30,-2.0816723587878116,-1.0
2018-07-31,-1.345686838776694,0.0
2018-08-01,-2.8459833503516663,0.0
2018-08-02,-0.42904033580636325,0.0
2018-08-03,0.027772457822772267,1.0
2018-08-06,1.2515472276881212,0.0
2018-08-07,3.0231501928700055,0.0
2018-08-08,3.9041279104077065,0.0
2018-08-09,1.8223545739989522,0.0
2018-08-10,-0.019598222086780748,-1.0
2018-08-13,1.6268629841496463,1.0
2018-08-14,7.086387173492614,0.0
2018-08-15,5.8073873329194114,0.0
2018-08-16,4.450837988215595,0.0
2018-08-17,-2.3142704686696325,-1.0
2018-08-20,-1.689821783025458,0.0
2018-08-21,-0.27948082985941314,0.0
2018-08-22,2.28449182820738,1.0
2018-08-23,3.2582550351577755,0.0
2018-08-24,6.1452203061817645,0.0
2018-08-27,8.285247296325071,0.0
2018-08-28,7.129474675551317,0.0
2018-08-29,6.583926511393923,0.0
2018-08-30,7.2880930279446865,0.0
2018-08-31,9.086980469979245,0.0
2018-09-04,15.94445319044131,0.0
2018-09-05,12.400042681614654,0.0
2018-09-06,7.717162869490912,0.0
2018-09-07,3.4962147584114422,0.0
2018-09-10,3.013156887033741,0.0
2018-09-11,0.2678599667688575,0.0
2018-09-12,-2.737683979015071,-1.0
2018-09-13,-1.0538372974670307,0.0
2018-09-14,-0.7397263455612091,0.0
2018-09-17,-1.3966642649329786,0.0
2018-09-18,-3.4416578282738253,0.0
2018-09-19,-4.131141792180593,0.0
2018-09-20,-4.360307174357391,0.0
2018-09-21,-3.399108565697684,0.0
2018-09-24,-2.265892432051131,0.0
2018-09-25,-2.3004438435158314,0.0
2018-09-26,-2.1554107589393245,0.0
2018-09-27,-0.2982980880685271,0.0
2018-09-28,3.567453800246634,1.0
2018-10-01,4.677527218291555,0.0
2018-10-02,4.581492522041586,0.0
2018-10-03,5.7966450031725625,0.0
2018-10-04,2.6876869373829715,0.0
2018-10-05,1.3444476109464976,0.0
2018-10-08,0.8806465571855826,0.0
2018-10-09,-0.06021517342672533,-1.0
2018-10-10,-8.46465423658016,0.0
2018-10-11,-11.909924925417648,0.0
2018-10-12,-7.801049035173591,0.0
2018-10-15,-16.24083289828483,0.0
2018-10-16,-15.043557660802765,0.0
2018-10-17,-15.156396300456043,0.0
2018-10-18,-16.461483872851947,0.0
2018-10-19,-17.945501005953833,0.0
2018-10-22,-14.318518424461345,0.0
2018-10-23,-16.82281475075159,0.0
2018-10-24,-24.903975378026942,0.0
2018-10-25,-15.40557727418963,0.0
2018-10-26,-15.667950885565773,0.0
2018-10-29,-24.709970230833044,0.0
2018-10-30,-13.75648822285218,0.0
2018-10-31,-14.237485154652385,0.0
2018-11-01,-10.264950359576563,0.0
2018-11-02,-10.274278992748542,0.0
2018-11-05,-7.592624544229498,0.0
2018-11-06,-8.718982124638808,0.0
2018-11-07,-3.2887119359625516,0.0
2018-11-08,3.2997578156744423,1.0
2018-11-09,-1.0441112166283517,-1.0
2018-11-12,-4.412677143804955,0.0
2018-11-13,7.375283905292296,1.0
2018-11-14,-2.862070793457494,-1.0
2018-11-15,-4.0032257510773555,0.0
2018-11-16,-24.611435548583326,0.0
2018-11-19,-32.67262946610953,0.0
2018-11-20,-29.602878799406984,0.0
2018-11-21,-31.436563692787256,0.0
2018-11-23,-32.17641991970197,0.0
2018-11-26,-25.700276689323974,0.0
2018-11-27,-25.25403125828648,0.0
2018-11-28,-15.54820655391419,0.0
2018-11-29,-20.968634890389648,0.0
2018-11-30,-17.037594654388354,0.0
2018-12-03,-15.899905264119074,0.0
2018-12-04,-4.356122358545333,0.0
2018-12-06,9.50127985862852,1.0
2018-12-07,-0.8869506289502227,-1.0
2018-12-10,5.045928859654469,1.0
2018-12-11,2.302251742162298,0.0
2018-12-12,-2.6141941969238247,-1.0
2018-12-13,-3.0514692024908974,0.0
2018-12-14,-8.417238249553494,0.0
2018-12-17,-8.756976270186367,0.0
2018-12-18,-10.089940072507941,0.0
2018-12-19,-18.542712902885416,0.0
2018-12-20,-14.009307210471666,0.0
2018-12-21,-18.143902524515,0.0
2018-12-24,-13.908296633164774,0.0
2018-12-26,-12.353491682369866,0.0
2018-12-27,-11.485241567367721,0.0
2018-12-28,-10.241786798044316,0.0
2018-12-31,-10.33649378168171,0.0
2019-01-02,-6.985328491768006,0.0
2019-01-03,-10.85805278067371,0.0
2019-01-04,-7.315929097388906,0.0
2019-01-07,3.5304272898341704,1.0
2019-01-08,3.5010959452445922,0.0
2019-01-09,10.04091319619409,0.0
2019-01-10,14.282363347524552,0.0
2019-01-11,11.81820257191566,0.0
2019-01-14,14.69084946434962,0.0
2019-01-15,12.136179871382314,0.0
2019-01-16,11.490640236976368,0.0
2019-01-17,11.378668200996334,0.0
2019-01-18,22.61113490592468,0.0
2019-01-22,9.237079133226445,0.0
2019-01-23,4.10739625294354,0.0
2019-01-24,12.879955301499969,0.0
2019-01-25,12.322875773796227,0.0
2019-01-28,-4.97141052447585,-1.0
2019-01-29,-11.576994764970927,0.0
2019-01-30,-8.67454955278859,0.0
2019-01-31,-4.083522365096126,0.0
2019-02-01,-2.7613607952508223,0.0
2019-02-04,-1.6741304568270499,0.0
2019-02-05,-4.447843090398573,0.0
2019-02-06,2.843337292413306,1.0
2019-02-07,-1.2525886131422914,-1.0
2019-02-08,-6.12644809319749,0.0
2019-02-11,-8.554465932036393,0.0
2019-02-12,9.535523342278275,1.0
2019-02-13,16.17025480307184,0.0
2019-02-14,12.475435023778836,0.0
2019-02-15,9.45389850274394,0.0
2019-02-19,8.229134153213824,0.0
2019-02-20,6.280987239537028,0.0
2019-02-21,3.8812896510378447,0.0
2019-02-22,4.045735925384375,0.0
2019-02-25,7.6448344113627,0.0
2019-02-26,6.026855101110273,0.0
2019-02-27,6.118157865985352,0.0
2019-02-28,2.1492187524350115,0.0
2019-03-01,2.4406380788172255,0.0
2019-03-04,1.5605794743741574,0.0
2019-03-05,-0.41863703305693445,-1.0
2019-03-06,-2.8302584636392236,0.0
2019-03-07,-5.762317058770627,0.0
2019-03-08,-3.193649122434472,0.0
2019-03-11,1.3292576085806251,1.0
2019-03-12,2.519059717955141,0.0
2019-03-13,7.443518615146805,0.0
2019-03-14,6.640848322673865,0.0
2019-03-15,10.080413054692293,0.0
2019-03-18,7.989763909140968,0.0
2019-03-19,12.074213114195654,0.0
2019-03-20,11.423442748077072,0.0
2019-03-21,20.97331887212699,0.0
2019-03-22,18.920047062257872,0.0
2019-03-25,15.361106169211913,0.0
2019-03-26,9.76172254976031,0.0
2019-03-27,8.602015676114917,0.0
2019-03-28,5.118018550736525,0.0
2019-03-29,8.456173135192934,0.0
2019-04-01,7.343482876308993,0.0
2019-04-02,8.316049190670016,0.0
2019-04-03,7.347352782445249,0.0
2019-04-04,7.947261631556923,0.0
2019-04-05,3.8110415404843945,0.0
2019-04-08,8.050666532456429,0.0
2019-04-09,8.907814486981902,0.0
2019-04-10,8.610832049177763,0.0
2019-04-11,8.521231920868866,0.0
2019-04-12,7.198853614899026,0.0
2019-04-15,2.862560341040421,0.0
2019-04-16,3.2532430301727144,0.0
2019-04-17,2.3442717072469588,0.0
2019-04-18,-1.2299694165307185,-1.0
2019-04-22,0.11155886367928414,1.0
2019-04-23,-0.14664973862923425,-1.0
2019-04-24,-0.32327779422230973,0.0
2019-04-25,-1.2416963258481406,0.0
2019-04-26,-7.293070738729835,0.0
2019-04-29,-6.3746371379378335,0.0
2019-04-30,-4.741829982424372,0.0
2019-05-01,-2.290189958275457,0.0
2019-05-02,-2.667252849911128,0.0
2019-05-03,-2.285219925568438,0.0
2019-05-06,-3.4621631404237685,0.0
2019-05-07,-8.149859284831173,0.0
2019-05-08,-8.784752628100668,0.0
2019-05-09,-10.97452441426211,0.0
2019-05-10,-9.678438916571197,0.0
2019-05-13,-11.028127252576125,0.0
2019-05-14,-9.64145007203394,0.0
2019-05-15,-11.834267994775727,0.0
2019-05-16,-11.237337029945305,0.0
2019-05-17,-14.553182108868778,0.0
2019-05-20,-17.081034415248563,0.0
2019-05-21,-13.783715823248999,0.0
2019-05-22,-12.079004323959829,0.0
2019-05-23,-15.294401079522913,0.0
2019-05-24,-14.712965096242336,0.0
2019-05-28,-15.098915847759164,0.0
2019-05-29,-11.429462072852104,0.0
2019-05-30,-14.052841019298334,0.0
2019-05-31,-15.017770206427905,0.0
2019-06-03,-16.39133982097598,0.0
2019-06-04,-8.53943339354255,0.0
2019-06-05,-6.793262043174908,0.0
2019-06-06,-7.168762352586688,0.0
2019-06-07,-4.292980468528363,0.0
2019-06-10,0.868471159785944,1.0
2019-06-11,3.976632978833927,0.0
2019-06-12,2.118813545373066,0.0
2019-06-13,5.764013043156857,0.0
2019-06-14,3.9752552688427256,0.0
2019-06-17,7.064796367821602,0.0
2019-06-18,14.277168225652371,0.0
2019-06-19,7.076928424012374,0.0
2019-06-20,9.074188156269901,0.0
2019-06-21,5.550144276070457,0.0
2019-06-24,4.920944584384523,0.0
2019-06-25,2.054816481143895,0.0
2019-06-26,5.64509204826118,0.0
2019-06-27,11.648438796667214,0.0
2019-06-28,10.771637216478291,0.0
2019-07-01,14.88524881606974,0.0
2019-07-02,11.8596026221931,0.0
2019-07-03,6.456015653472669,0.0
2019-07-05,4.643395164351172,0.0
2019-07-08,2.0181885777485142,0.0
2019-07-09,3.6570916929266284,0.0
2019-07-10,4.847385642543145,0.0
2019-07-11,9.770291713612567,0.0
2019-07-12,5.242976651726194,0.0
2019-07-15,2.475009548974505,0.0
2019-07-16,1.7353525441675677,0.0
2019-07-17,2.130343426271364,0.0
2019-07-18,4.9004410320042435,0.0
2019-07-19,3.4961488631470417,0.0
2019-07-22,6.9213055335856755,0.0
2019-07-23,11.735878363429686,0.0
2019-07-24,13.571948537674983,0.0
2019-07-25,8.321888800503064,0.0
2019-07-26,5.286223834515713,0.0
2019-07-29,4.301707056231607,0.0
2019-07-30,4.89029248187125,0.0
2019-07-31,0.9815802104498506,0.0
2019-08-01,-2.8224765539903607,-1.0
2019-08-02,-5.28261271582442,0.0
2019-08-05,-10.478482554261426,0.0
2019-08-06,-11.072828383660438,0.0
2019-08-07,-12.393247593482638,0.0
2019-08-08,-11.418345501313176,0.0
2019-08-09,-11.073958393284844,0.0
2019-08-12,-13.491734484106088,0.0
2019-08-13,-10.736778358926301,0.0
2019-08-14,-14.465640622696307,0.0
2019-08-15,-11.824340347358541,0.0
2019-08-16,-3.2500354308142687,0.0
2019-08-19,5.949493567794906,1.0
2019-08-20,11.32698497215725,0.0
2019-08-21,12.392520332084844,0.0
2019-08-22,11.430248605651716,0.0
2019-08-23,2.6412262945496146,0.0
2019-08-26,7.309666428901518,0.0
2019-08-27,6.833929813262318,0.0
2019-08-28,3.415321285233164,0.0
2019-08-29,11.391531491764706,0.0
2019-08-30,12.708038634440388,0.0
2019-09-03,2.9910405406006646,0.0
2019-09-04,-1.0849489791045386,-1.0
2019-09-05,7.1769565916189215,1.0
2019-09-06,4.4366045652602715,0.0
2019-09-09,5.364238499527985,0.0
2019-09-10,12.879404322278365,0.0
2019-09-11,11.52155857272643,0.0
2019-09-12,14.000263531581748,0.0
2019-09-13,12.851984031337071,0.0
2019-09-16,7.910222918233845,0.0
2019-09-17,8.095106537990816,0.0
2019-09-18,9.630259513492057,0.0
2019-09-19,4.847068050295844,0.0
2019-09-20,-3.9223198330847864,-1.0
2019-09-23,-2.132661295514926,0.0
2019-09-24,-4.41548013790144,0.0
2019-09-25,-2.7022405242621894,0.0
2019-09-26,-3.792118048004578,0.0
2019-09-27,-6.788948944125184,0.0
2019-09-30,-4.3255929564364966,0.0
2019-10-01,-3.4460077754981833,0.0
2019-10-02,-4.434780233427538,0.0
2019-10-03,0.7390050891013411,1.0
2019-10-04,2.842826685354116,0.0
2019-10-07,6.740397178961444,0.0
2019-10-08,1.3669578195778742,0.0
2019-10-09,4.74117757912389,0.0
2019-10-10,2.6931012473467186,0.0
2019-10-11,4.8776580340252895,0.0
2019-10-14,8.599156784996698,0.0
2019-10-15,12.810947999535237,0.0
2019-10-16,11.614938714989687,0.0
2019-10-17,12.280421870080339,0.0
2019-10-18,5.0631032268174,0.0
2019-10-21,7.715536708551651,0.0
2019-10-22,6.119462638713857,0.0
2019-10-23,10.077310086655821,0.0
2019-10-24,8.936998581108856,0.0
2019-10-25,11.752204162141865,0.0
2019-10-28,11.183400109608543,0.0
2019-10-29,8.78681836443127,0.0
2019-10-30,3.376262087104953,0.0
2019-10-31,3.506513005132872,0.0
2019-11-01,4.271934823861501,0.0
2019-11-04,10.50449201079251,0.0
2019-11-05,6.93840093876712,0.0
2019-11-06,6.144896225902885,0.0
2019-11-07,6.791729556781911,0.0
2019-11-08,5.547098446655463,0.0
2019-11-11,1.7796092215313308,0.0
2019-11-12,1.3636957797454219,0.0
2019-11-13,2.784358684032884,0.0
2019-11-14,3.3448105550146323,0.0
2019-11-15,1.5769410976189002,0.0
2019-11-18,4.783092861626881,0.0
2019-11-19,-1.1924069188562259,-1.0
2019-11-20,0.7490015675117867,1.0
2019-11-21,1.2281306117007063,0.0
2019-11-22,1.22397330275692,0.0
2019-11-25,6.463573925045063,0.0
2019-11-26,4.236711499227153,0.0
2019-11-27,4.19396063011066,0.0
2019-11-29,3.9938281029045397,0.0
2019-12-02,-0.18377496681751815,-1.0
2019-12-03,1.7744730574936307,1.0
2019-12-04,-1.2744865627848934,-1.0
2019-12-05,0.43466991944793865,1.0
2019-12-06,0.5429118798988775,0.0
2019-12-09,1.0212775505464844,0.0
2019-12-10,1.5400808824491907,0.0
2019-12-11,-1.6769765025178573,-1.0
2019-12-12,3.334266247279438,1.0
2019-12-13,2.634726922702857,0.0
2019-12-16,3.8802292810127703,0.0
2019-12-17,9.099167603818813,0.0
2019-12-18,10.521999482664658,0.0
2019-12-19,12.434331783851116,0.0
2019-12-20,14.673729947879789,0.0
2019-12-23,12.560703312419474,0.0
2019-12-24,12.466432939464166,0.0
2019-12-26,11.781496543219273,0.0
2019-12-27,8.985899664844354,0.0
2019-12-30,3.6818905015820524,0.0
2019-12-31,5.049359373252105,0.0
2020-01-02,6.555637859620123,0.0
2020-01-03,3.407931858481117,0.0
2020-01-06,3.289606023521374,0.0
2020-01-07,1.8984059134196984,0.0
2020-01-08,0.42196091863691,0.0
2020-01-09,1.758652326883281,0.0
2020-01-10,2.3887149343694736,0.0
2020-01-13,5.347219947466275,0.0
2020-01-14,4.394819299168429,0.0
2020-01-15,5.703349252312084,0.0
2020-01-16,5.792609208130828,0.0
2020-01-17,3.9056311089864293,0.0
2020-01-21,5.028163529185226,0.0
2020-01-22,5.504939601059755,0.0
2020-01-23,5.389061059721567,0.0
2020-01-24,4.2016796677387,0.0
2020-01-27,-1.1604122305131637,-1.0
2020-01-28,1.4939547354539506,1.0
2020-01-29,-2.5557607782124236,-1.0
2020-01-30,-0.5944585171221206,0.0
2020-01-31,-3.7219547919187024,0.0
2020-02-03,-3.4548176112070617,0.0
2020-02-04,-0.8624822856960201,0.0
2020-02-05,1.1373703356249987,1.0
2020-02-06,1.6552472419822273,0.0
2020-02-07,-0.5022322908248666,-1.0
2020-02-10,4.986443659103856,1.0
2020-02-11,11.527890350583014,0.0
2020-02-12,9.908474735491879,0.0
2020-02-13,10.279361347876193,0.0
2020-02-14,17.891859745873706,0.0
2020-02-18,25.436699815799745,0.0
2020-02-19,30.94496836496412,0.0
2020-02-20,24.914019209714677,0.0
2020-02-21,17.27149774721952,0.0
2020-02-24,7.484787594425568,0.0
2020-02-25,4.157537254701293,0.0
2020-02-26,1.7796557695067383,0.0
2020-02-27,-5.651161470276078,-1.0
2020-02-28,-0.8470164153404958,0.0
2020-03-02,2.1476223760392488,1.0
2020-03-03,-8.192479219264126,-1.0
2020-03-04,-4.009120622165952,0.0
2020-03-05,-13.10662144822582,0.0
2020-03-06,-13.76770498162443,0.0
2020-03-09,-16.486949651723847,0.0
2020-03-10,-4.407139539978089,0.0
2020-03-11,-5.889161374829199,0.0
2020-03-12,-19.133420189667262,0.0
2020-03-13,-4.655583586005285,0.0
2020-03-16,-27.278135485420474,0.0
2020-03-17,-21.401423633406047,0.0
2020-03-18,-23.720346767393252,0.0
2020-03-19,-25.144986128543334,0.0
2020-03-20,-24.713667837037324,0.0
2020-03-23,-20.053386616802893,0.0
2020-03-24,1.5237832701858967,1.0
2020-03-25,-5.921572167437528,-1.0
2020-03-26,4.369704700220978,1.0
2020-03-27,16.836930268644544,0.0
2020-03-30,10.276533801048803,0.0
2020-03-31,34.21591491312963,0.0
2020-04-01,11.874605898663827,0.0
2020-04-02,25.9589961636189,0.0
2020-04-03,14.527845776381042,0.0
2020-04-06,30.449526620881606,0.0
2020-04-07,21.787589310829823,0.0
2020-04-08,7.131403632081135,0.0
2020-04-09,7.055614998021342,0.0
2020-04-13,4.9020470297505,0.0
2020-04-14,12.353108056155794,0.0
2020-04-15,5.741933242256181,0.0
2020-04-16,11.798167489738386,0.0
2020-04-17,20.26164351775641,0.0
2020-04-20,12.361543393786455,0.0
2020-04-21,10.495686801363346,0.0
2020-04-22,6.613288663351513,0.0
2020-04-23,9.64367649580482,0.0
2020-04-24,8.4809831086472,0.0
2020-04-27,12.979672057240577,0.0
2020-04-28,7.9710666234740435,0.0
2020-04-29,5.1100561029610025,0.0
2020-04-30,4.073484851118714,0.0
2020-05-01,-4.044798080371825,-1.0
2020-05-04,-0.3523425032677996,0.0
2020-05-05,2.3306116696789836,1.0
2020-05-06,10.493122231346486,0.0
2020-05-07,6.542013617734632,0.0
2020-05-08,10.031329429940005,0.0
2020-05-11,11.405769362609842,0.0
2020-05-12,5.055867655301038,0.0
2020-05-13,6.809471141879464,0.0
2020-05-14,7.6258077775777755,0.0
2020-05-15,16.200251294035905,0.0
2020-05-18,23.7746850687383,0.0
2020-05-19,20.91730273308976,0.0
2020-05-20,22.14883801507166,0.0
2020-05-21,17.871619714624476,0.0
2020-05-22,18.427509046458688,0.0
2020-05-26,11.587227204676577,0.0
2020-05-27,5.700218819679259,0.0
2020-05-28,8.7728366218494,0.0
2020-05-29,14.080957500311442,0.0
2020-06-01,9.660050420206122,0.0
2020-06-02,3.93957046420248,0.0
2020-06-03,0.2199981249289662,0.0
2020-06-04,-0.3974690347683718,-1.0
2020-06-05,-0.5120403271910101,0.0
2020-06-08,0.3848326750190756,1.0
2020-06-09,0.2645474869897635,0.0
2020-06-10,7.493600827579816,0.0
2020-06-11,3.225869475877907,0.0
2020-06-12,5.297224830819647,0.0
2020-06-15,3.4075581627359464,0.0
2020-06-16,3.024983564302719,0.0
2020-06-17,4.7019975514508205,0.0
2020-06-18,5.162307527144394,0.0
2020-06-19,5.643647522598982,0.0
2020-06-22,6.802126452255108,0.0
2020-06-23,7.325377492059393,0.0
2020-06-24,2.0948770786145543,0.0
2020-06-25,1.315820387636446,0.0
2020-06-26,4.078445082546578,0.0
2020-06-29,2.994687130481677,0.0
2020-06-30,3.531821206029795,0.0
2020-07-01,5.089044670946374,0.0
2020-07-02,4.073758680096917,0.0
2020-07-06,6.739522365583395,0.0
2020-07-07,6.591966440274488,0.0
2020-07-08,7.234884881069559,0.0
2020-07-09,11.206362018563688,0.0
2020-07-10,13.467067828019186,0.0
2020-07-13,5.924647928363491,0.0
2020-07-14,13.34790594862656,0.0
2020-07-15,11.165741014805096,0.0
2020-07-16,6.70683498824749,0.0
2020-07-17,7.046164902577767,0.0
2020-07-20,9.347422965593587,0.0
2020-07-21,4.972417436101306,0.0
2020-07-22,5.743688835575922,0.0
2020-07-23,-0.8442587045739858,-1.0
2020-07-24,-2.9926753230341108,0.0
2020-07-27,-0.5510951597634484,0.0
2020-07-28,1.624027524296312,1.0
2020-07-29,0.8528189931773289,0.0
2020-07-30,3.7815978665548977,0.0
2020-07-31,4.736180393334943,0.0
2020-08-03,7.927758494167647,0.0
2020-08-04,6.821578771484416,0.0
2020-08-05,9.27771818542855,0.0
2020-08-06,8.590574547950357,0.0
2020-08-07,10.560468170289795,0.0
2020-08-10,9.519851023817072,0.0
2020-08-11,4.1116854965210115,0.0
2020-08-12,11.98914029895648,0.0
2020-08-13,9.340227579232675,0.0
2020-08-14,8.950418655041092,0.0
2020-08-17,16.225035844326108,0.0
2020-08-18,11.357586767327522,0.0
2020-08-19,8.111615446766285,0.0
2020-08-20,7.568624395808365,0.0
2020-08-21,11.891846128549432,0.0
2020-08-24,13.578722497200978,0.0
2020-08-25,14.196131765746367,0.0
2020-08-26,17.723500492474507,0.0
2020-08-27,10.384373032983895,0.0
2020-08-28,14.897770245648756,0.0
2020-08-31,15.65634981935553,0.0
2020-09-01,12.062389772432901,0.0
2020-09-02,17.046627349006236,0.0
2020-09-03,7.2570430961719,0.0
2020-09-04,3.9970090483537613,0.0
2020-09-08,-6.0467243279437195,-1.0
2020-09-09,-0.011335662196365615,0.0
2020-09-10,-3.4083576046115116,0.0
2020-09-11,-4.735457464197057,0.0
2020-09-14,1.96268787444569,1.0
2020-09-15,-1.1626560653012152,-1.0
2020-09-16,-6.402133908709374,0.0
2020-09-17,-9.82201078850844,0.0
2020-09-18,-15.03675144226484,0.0
2020-09-21,-3.828161378398842,0.0
2020-09-22,0.12080069620485911,1.0
2020-09-23,1.7690815723185427,0.0
2020-09-24,-2.88637775882018,-1.0
2020-09-25,4.564741726964527,1.0
2020-09-28,7.156077601994504,0.0
2020-09-29,2.7461997151713824,0.0
2020-09-30,4.1528680373049465,0.0
2020-10-01,8.789793757005171,0.0
2020-10-02,4.80402440911234,0.0
2020-10-05,11.922363479502529,0.0
2020-10-06,9.740587688642254,0.0
2020-10-07,10.494331049283234,0.0
2020-10-08,14.1457864880431,0.0
2020-10-09,11.457332669514209,0.0
2020-10-12,10.50394456199677,0.0
2020-10-13,9.307619479103879,0.0
2020-10-14,6.574315908906314,0.0
2020-10-15,3.248234387814475,0.0
2020-10-16,1.446990644054269,0.0
2020-10-19,3.3340517069355036,0.0
2020-10-20,0.021980771067209304,0.0
2020-10-21,-1.541508306674999,-1.0
2020-10-22,-4.318209436072317,0.0
2020-10-23,-1.7956838283738952,0.0
2020-10-26,-4.515810267065012,0.0
2020-10-27,-5.829126739747926,0.0
2020-10-28,-11.378591671648518,0.0
2020-10-29,-7.6000728294703945,0.0
2020-10-30,-10.279172976213658,0.0
2020-11-02,-8.911045166930897,0.0
2020-11-03,-3.5432006202192,0.0
2020-11-04,1.0901398405857465,1.0
2020-11-05,4.696935534883884,0.0
2020-11-06,8.988832257781375,0.0
2020-11-09,0.29799034237638633,0.0
2020-11-10,-2.8250807824673485,-1.0
2020-11-11,0.15861570296173966,1.0
2020-11-12,6.571228648767935,0.0
2020-11-13,2.0961140763618102,0.0
2020-11-16,7.828676621085795,0.0
2020-11-17,6.688774556320953,0.0
2020-11-18,3.143385197169901,0.0
2020-11-19,-2.56629930721034,-1.0
2020-11-20,-7.572399337047997,0.0
2020-11-23,-9.765134786409103,0.0
2020-11-24,-4.937333778427099,0.0
2020-11-25,3.639381746515835,1.0
2020-11-27,-1.1681904543019095,-1.0
2020-11-30,-0.410562062512998,0.0
2020-12-01,0.699425505561857,1.0
2020-12-02,0.2164418215820696,0.0
2020-12-03,-0.16608932820836309,-1.0
2020-12-04,0.9941516510607373,1.0
2020-12-07,1.2687186495335956,0.0
2020-12-08,2.0339329652038884,0.0
2020-12-09,-1.5634048239905662,-1.0
2020-12-10,0.14146721074406177,1.0
2020-12-11,-1.6445789323734195,-1.0
2020-12-14,0.38780593589404777,1.0
2020-12-15,-0.27647803978098073,-1.0
2020-12-16,-1.072372422892609,0.0
2020-12-17,-1.47150984455241,0.0
2020-12-18,-0.9256399966250051,0.0
2020-12-21,-1.6668883626801967,0.0
2020-12-22,-2.414237669540198,0.0
2020-12-23,-2.5524470340128835,0.0
2020-12-24,0.48721503322717297,1.0
2020-12-28,-0.5569681800496884,-1.0
2020-12-29,-0.5378936130203793,0.0
2020-12-30,-1.2247391048120337,0.0
2020-12-31,-2.2866091507309783,0.0
2021-01-04,-0.9741428942694252,0.0
2021-01-05,0.47595810903486857,1.0
2021-01-06,-4.954035634541687,-1.0
2021-01-07,0.08814226530284852,1.0
2021-01-08,-0.011313743872687354,-1.0
2021-01-11,4.7062811841736885,1.0
2021-01-12,3.7787355824874913,0.0
2021-01-13,4.897292547506127,0.0
2021-01-14,1.985580223884864,0.0
2021-01-15,-2.177490213827493,-1.0
2021-01-19,-0.22786636683929107,0.0
2021-01-20,1.9235969057006308,1.0
2021-01-21,3.452155834491122,0.0
2021-01-22,8.704265001613143,0.0
2021-01-25,2.3175211590909406,0.0
2021-01-26,1.193832267553141,0.0
2021-01-27,-5.166461315739356,-1.0
2021-01-28,-3.216609216199484,0.0
2021-01-29,-4.005402072975894,0.0
2021-02-01,0.2784153455949179,1.0
2021-02-02,5.422037812859282,0.0
2021-02-03,3.878985325145212,0.0
2021-02-04,2.233319129317679,0.0
2021-02-05,-1.99387986893097,-1.0
2021-02-08,5.296270179033535,1.0
2021-02-09,4.467821330570465,0.0
2021-02-10,9.891886440299524,0.0
2021-02-11,18.060389348462657,0.0
2021-02-12,14.636811410454008,0.0
2021-02-16,18.01804540835161,0.0
2021-02-17,12.60859479799683,0.0
2021-02-18,9.384618347158892,0.0
2021-02-19,10.317434011175619,0.0
2021-02-22,5.060658493956205,0.0
2021-02-23,4.0541693857484296,0.0
2021-02-24,0.4172626355164688,0.0
2021-02-25,-6.700785668490661,-1.0
2021-02-26,-7.110080898957327,0.0
2021-03-01,-9.23887560656137,0.0
2021-03-02,-10.393496259211354,0.0
2021-03-03,-16.473958260560607,0.0
2021-03-04,-17.011615994108286,0.0
2021-03-05,-15.965330245788078,0.0
2021-03-08,-22.331070982366686,0.0
2021-03-09,-12.755715812435508,0.0
2021-03-10,-11.80489304340776,0.0
2021-03-11,-10.352532688332893,0.0
2021-03-12,-3.3594932006261735,0.0
2021-03-15,-3.7821081127250578,0.0
2021-03-16,-3.943952651759952,0.0
2021-03-17,-0.4505042681960836,0.0
2021-03-18,-0.6080309614183821,0.0
2021-03-19,3.8797497352588417,1.0
2021-03-22,5.852429857868313,0.0
2021-03-23,12.783385630461531,0.0
2021-03-24,0.9804083250646523,0.0
2021-03-25,0.5373601753004387,0.0
2021-03-26,-1.187131777858641,-1.0
2021-03-29,0.7175639586950222,1.0
2021-03-30,-2.4220506964504507,-1.0
2021-03-31,0.4288573245499583,1.0
2021-04-01,3.5266669265223705,0.0
2021-04-05,9.942992739899426,0.0
2021-04-06,7.907285203861192,0.0
2021-04-07,7.259476095768447,0.0
2021-04-08,9.534654283580846,0.0
2021-04-09,13.897021430644173,0.0
2021-04-12,21.329839576564112,0.0
2021-04-13,22.12161653568545,0.0
2021-04-14,17.98505611523964,0.0
2021-04-15,25.36947894419692,0.0
2021-04-16,19.210376096398484,0.0
2021-04-19,11.222312488173646,0.0
2021-04-20,8.462927728135284,0.0
2021-04-21,10.814123231534145,0.0
2021-04-22,4.99699575079533,0.0
2021-04-23,6.623236236922625,0.0
2021-04-26,7.486121249311939,0.0
2021-04-27,1.1358461770241135,0.0
2021-04-28,-2.5686450128239335,-1.0
2021-04-29,0.3125743634333711,1.0
2021-04-30,-6.988480927582163,-1.0
2021-05-03,-6.7604221314752415,0.0
2021-05-04,-6.5780277155090605,0.0
2021-05-05,-4.698033854767214,0.0
2021-05-06,-5.452295587456657,0.0
2021-05-07,-0.2558987414975289,0.0
2021-05-10,-6.547559781694567,0.0
2021-05-11,-7.570424144446908,0.0
2021-05-12,-10.553097254388122,0.0
2021-05-13,-10.548702927236576,0.0
2021-05-14,-7.058852076274413,0.0
2021-05-17,-5.623100158766848,0.0
2021-05-18,-5.533542977209349,0.0
2021-05-19,-1.9893841606209217,0.0
2021-05-20,1.0651141000529218,1.0
2021-05-21,3.227653687545362,0.0
2021-05-24,5.399238233381398,0.0
2021-05-25,9.687545774831442,0.0
2021-05-26,9.742245805215077,0.0
2021-05-27,12.570422483836353,0.0
2021-05-28,18.874477498189112,0.0
2021-06-01,14.19293257437888,0.0
2021-06-02,18.444478545450814,0.0
2021-06-03,21.076284810320402,0.0
2021-06-04,24.97202904561806,0.0
2021-06-07,20.574853292172392,0.0
2021-06-08,16.44401901769781,0.0
2021-06-09,11.21077276561091,0.0
2021-06-10,11.383390053248377,0.0
2021-06-11,13.562646337049134,0.0
2021-06-14,16.366732237976443,0.0
2021-06-15,9.52987679823707,0.0
2021-06-16,9.5289116104051,0.0
2021-06-17,11.224468517985287,0.0
2021-06-18,9.860318834430682,0.0
2021-06-21,4.853833149308762,0.0
2021-06-22,7.219920965635085,0.0
2021-06-23,9.191817064545592,0.0
2021-06-24,10.641914324065693,0.0
2021-06-25,9.216645163186943,0.0
2021-06-28,12.116240227601915,0.0
2021-06-29,11.14396005511833,0.0
2021-06-30,12.446242035697953,0.0
2021-07-01,13.485229406692877,0.0
2021-07-02,9.807196695104903,0.0
2021-07-06,11.050900700097287,0.0
2021-07-07,10.55229772591344,0.0
2021-07-08,5.379427628908373,0.0
2021-07-09,5.210621899606505,0.0
2021-07-12,6.805364083206511,0.0
2021-07-13,6.405344568253191,0.0
2021-07-14,-0.7180589855071196,-1.0
2021-07-15,-5.2954369970785065,0.0
2021-07-16,-9.206351056838802,0.0
2021-07-19,-7.0861388779952295,0.0
2021-07-20,-9.152171235790686,0.0
2021-07-21,-6.225087662984075,0.0
2021-07-22,-3.8177628081458304,0.0
2021-07-23,-1.7321616563846232,0.0
2021-07-26,-3.7717703884775133,0.0
2021-07-27,-6.359546172810882,0.0
2021-07-28,-3.68889808877938,0.0
2021-07-29,-0.9046482725628135,0.0
2021-07-30,2.808943413480547,1.0
2021-08-02,8.749532043188113,0.0
2021-08-03,5.5125801427299725,0.0
2021-08-04,8.929760332393965,0.0
2021-08-05,6.321505793433468,0.0
2021-08-06,3.9399874589362005,0.0
2021-08-09,3.768276700523532,0.0
2021-08-10,3.327475166358407,0.0
2021-08-11,2.5562192804445605,0.0
2021-08-12,2.0612210596054448,0.0
2021-08-13,2.6752016997480643,0.0
2021-08-16,2.3129520570759565,0.0
2021-08-17,-1.4784752156736691,-1.0
2021-08-18,-3.9111505105990374,0.0
2021-08-19,-2.347833727605586,0.0
2021-08-20,0.8673589274006188,1.0
2021-08-23,7.816937316946571,0.0
2021-08-24,7.381131302122612,0.0
2021-08-25,11.421554889808295,0.0
2021-08-26,12.025997141874644,0.0
2021-08-27,13.720175243848765,0.0
2021-08-30,12.383587370860006,0.0
2021-08-31,12.225294940030906,0.0
2021-09-01,15.350787276154865,0.0
2021-09-02,17.646777735324527,0.0
2021-09-03,15.400683462169562,0.0
2021-09-07,8.887377064263479,0.0
2021-09-08,1.753068638315769,0.0
2021-09-09,1.779971039126993,0.0
2021-09-10,1.2108343928080467,0.0
2021-09-13,0.39833832548235026,0.0
2021-09-14,-1.7232661534247296,-1.0
2021-09-15,-1.5120770032802433,0.0
2021-09-16,-0.6388252199878153,0.0
2021-09-17,-2.41076163284375,0.0
2021-09-20,-5.728726325465061,0.0
2021-09-21,-6.991188511835322,0.0
2021-09-22,-3.1815296617455413,0.0
2021-09-23,0.6401407645827417,1.0
2021-09-24,-0.4328824894750172,-1.0
2021-09-27,-3.6391306270000756,0.0
2021-09-28,-6.559238652758948,0.0
2021-09-29,-7.755589442944255,0.0
2021-09-30,-7.273613940248669,0.0
2021-10-01,-6.744011366366321,0.0
2021-10-04,-9.899550516244426,0.0
2021-10-05,-3.1355091862388607,0.0
2021-10-06,-2.5699146731876343,0.0
2021-10-07,-3.9469403699750383,0.0
2021-10-08,-7.343669724209145,0.0
2021-10-11,-6.276900696978549,0.0
2021-10-12,-4.56600332945003,0.0
2021-10-13,1.1595084949960421,1.0
2021-10-14,5.990148948715102,0.0
2021-10-15,5.531935306511793,0.0
2021-10-18,7.135290888045609,0.0
2021-10-19,12.96371391660145,0.0
2021-10-20,8.077871517584057,0.0
2021-10-21,9.623191852481416,0.0
2021-10-22,7.833906652176137,0.0
2021-10-25,11.209294717451845,0.0
2021-10-26,19.434661344685033,0.0
2021-10-27,18.286463089284123,0.0
2021-10-28,19.112647579400743,0.0
2021-10-29,17.571032340519686,0.0
2021-11-01,18.13650947611931,0.0
2021-11-02,18.805689536761093,0.0
2021-11-03,19.32704685877038,0.0
2021-11-04,34.82784696347356,0.0
2021-11-05,31.11229071743027,0.0
2021-11-08,35.545186140713646,0.0
2021-11-09,32.33615601321558,0.0
2021-11-10,19.18517434924343,0.0
2021-11-11,24.28942024614271,0.0
2021-11-12,21.84757314657666,0.0
2021-11-15,17.436541067343093,0.0
2021-11-16,16.943494700900885,0.0
2021-11-17,10.832943715601706,0.0
2021-11-18,19.087891591745798,0.0
2021-11-19,10.68420305377642,0.0
2021-11-22,7.407907236096545,0.0
2021-11-23,3.0580547803381597,0.0
2021-11-24,6.579245355353236,0.0
2021-11-26,6.9384590144430325,0.0
2021-11-29,9.825580751878494,0.0
2021-11-30,7.52220581073848,0.0
2021-12-01,4.708910850504955,0.0
2021-12-02,6.379963921188492,0.0
2021-12-03,4.906718044591041,0.0
2021-12-06,-5.1596538836487955,-1.0
2021-12-07,-1.6796382577870972,0.0
2021-12-08,-0.39461577259854996,0.0
2021-12-09,-3.944666219230941,0.0
2021-12-10,-7.5665684522597925,0.0
2021-12-13,-10.597559252635547,0.0
2021-12-14,-15.087277583219382,0.0
2021-12-15,-6.773390112347776,0.0
2021-12-16,-9.696198516647014,0.0
2021-12-17,-13.462624872134576,0.0
2021-12-20,-9.689515329994203,0.0
2021-12-21,-3.202714513758931,0.0
2021-12-22,-9.334824974720268,0.0
2021-12-23,-6.868610405775932,0.0
2021-12-27,1.4923145986183162,1.0
2021-12-28,0.4106213706868145,0.0
2021-12-29,6.533846597087645,0.0
2021-12-30,4.407679299480782,0.0
2021-12-31,-3.4406785009396645,-1.0
2022-01-03,6.108420290075545,1.0
2022-01-04,5.355909724403052,0.0
2022-01-05,-0.4148758602057989,-1.0
2022-01-06,-3.0851200654683275,0.0
2022-01-07,-7.323123654904473,0.0
2022-01-10,-7.557337134018772,0.0
2022-01-11,-10.108270435080557,0.0
2022-01-12,-7.661094433419457,0.0
2022-01-13,-11.419614123436606,0.0
2022-01-14,-8.936668731037267,0.0
2022-01-18,-11.927521162638577,0.0
2022-01-19,-16.778980204160142,0.0
2022-01-20,-17.548649169497033,0.0
2022-01-21,-15.323869084521458,0.0
2022-01-24,-17.05587598611682,0.0
2022-01-25,-18.068049001721963,0.0
2022-01-26,-16.890509141818043,0.0
2022-01-27,-21.112991998037035,0.0
2022-01-28,-18.42565674469634,0.0
2022-01-31,-7.86075933439151,0.0
2022-02-01,-8.55170952273452,0.0
2022-02-02,-2.551819894726237,0.0
2022-02-03,-4.464031368485877,0.0
2022-02-04,0.6998145585576543,1.0
2022-02-07,5.792762408966046,0.0
2022-02-08,7.4277080257048045,0.0
2022-02-09,19.624613269753155,0.0
2022-02-10,13.402411947632608,0.0
2022-02-11,9.136915320056094,0.0
2022-02-14,6.247791858847629,0.0
2022-02-15,8.204679228744926,0.0
2022-02-16,7.602088960519793,0.0
2022-02-17,-2.9118078372914025,-1.0
2022-02-18,-1.27778513625868,0.0
2022-02-22,-3.820062910659494,0.0
2022-02-23,-9.466997007490473,0.0
2022-02-24,-5.416601185173797,0.0
2022-02-25,-9.541267834825906,0.0
2022-02-28,-5.572341989016138,0.0
2022-03-01,-1.970869131624764,0.0
2022-03-02,-0.17666529839514,0.0
2022-03-03,-10.481065194718852,0.0
2022-03-04,-13.470218315721239,0.0
2022-03-07,-12.85902896948482,0.0
2022-03-08,-8.985407962311676,0.0
2022-03-09,-1.5907754093700044,0.0
2022-03-10,1.2277720040259954,1.0
2022-03-11,-6.923674328007346,-1.0
2022-03-14,-11.687571328814483,0.0
2022-03-15,-5.774379981497435,0.0
2022-03-16,4.358191831414016,1.0
2022-03-17,2.254339158581664,0.0
2022-03-18,11.550126949305284,0.0
2022-03-21,16.559107827500252,0.0
2022-03-22,24.22255827630917,0.0
2022-03-23,19.15030637854538,0.0
2022-03-24,22.316849931641425,0.0
2022-03-25,22.21731578370447,0.0
2022-03-28,27.687789114969963,0.0
2022-03-29,34.34599284613549,0.0
2022-03-30,20.532787096561723,0.0
2022-03-31,11.389632677229343,0.0
2022-04-01,7.857549837330247,0.0
2022-04-04,3.428715997523346,0.0
2022-04-05,-3.003672935249546,-1.0
2022-04-06,-7.981459097728627,0.0
2022-04-07,-5.562909188692533,0.0
2022-04-08,-17.87209505852759,0.0
2022-04-11,-20.854404676166794,0.0
2022-04-12,-23.796037101372193,0.0
2022-04-13,-22.518842022493757,0.0
2022-04-14,-23.228601063410302,0.0
2022-04-18,-20.16785629114154,0.0
2022-04-19,-16.8987803588903,0.0
2022-04-20,-21.483908404750284,0.0
2022-04-21,-22.166508913118456,0.0
2022-04-22,-20.043435838206392,0.0
2022-04-25,-17.787530050889412,0.0
2022-04-26,-18.733527702960718,0.0
2022-04-27,-15.97845263398392,0.0
2022-04-28,-8.00780477819666,0.0
2022-04-29,-16.46623860532117,0.0
2022-05-02,-8.114563362975591,0.0
2022-05-03,-10.012397268654116,0.0
2022-05-04,-8.397145174790266,0.0
2022-05-05,-12.280059081357464,0.0
2022-05-06,-7.47164724736209,0.0
2022-05-09,-13.143718152762574,0.0
2022-05-10,-11.591811078407554,0.0
2022-05-11,-11.486055345429735,0.0
2022-05-12,-12.164009702432455,0.0
2022-05-13,-10.494385106453464,0.0
2022-05-16,-6.917574036517838,0.0
2022-05-17,-6.9421209373075605,0.0
2022-05-18,-13.590444011332814,0.0
2022-05-19,-15.786374615989619,0.0
2022-05-20,-11.409450748410766,0.0
2022-05-23,-9.515363213648664,0.0
2022-05-24,-4.6961752848030835,0.0
2022-05-25,-3.523677601583819,0.0
2022-05-26,7.342159409317706,1.0
2022-05-27,16.296757293252483,0.0
2022-05-31,5.455779651355197,0.0
2022-06-01,6.116788175769883,0.0
2022-06-02,7.784558837826849,0.0
2022-06-03,10.520718835741016,0.0
2022-06-06,9.705669289388318,0.0
2022-06-07,13.370056412151454,0.0
2022-06-08,10.379579390805205,0.0
2022-06-09,11.748261044293539,0.0
2022-06-10,0.01522775110764929,0.0
2022-06-13,-12.328100416016985,-1.0
2022-06-14,-15.797421799954382,0.0
2022-06-15,-11.469069066365133,0.0
2022-06-16,-14.823708598152386,0.0
2022-06-17,-18.92936996770418,0.0
2022-06-21,-11.487699652486317,0.0
2022-06-22,-12.895443591625266,0.0
2022-06-23,-14.25323996233503,0.0
2022-06-24,-8.161752489695107,0.0
2022-06-27,-6.532588541093398,0.0
2022-06-28,-5.844247987975393,0.0
2022-06-29,-0.671067899724842,0.0
2022-06-30,-4.2750491064347695,0.0
2022-07-01,-12.125619537082544,0.0
2022-07-05,-4.083072757103324,0.0
2022-07-06,-4.722926364387748,0.0
2022-07-07,-4.273822488468316,0.0
2022-07-08,-3.1907246213017215,0.0
2022-07-11,-6.613259611921896,0.0
2022-07-12,-11.935079800709858,0.0
2022-07-13,-10.107282204533464,0.0
2022-07-14,-3.8167938931297662,0.0
2022-07-15,1.4155103129352309,1.0
2022-07-18,6.214105303081374,0.0
2022-07-19,17.000618484092534,0.0
2022-07-20,18.99893351476134,0.0
2022-07-21,19.29940109592774,0.0
2022-07-22,9.213034692200829,0.0
2022-07-25,7.488338506671566,0.0
2022-07-26,9.114316615820384,0.0
2022-07-27,17.955207505242264,0.0
2022-07-28,18.5966686367248,0.0
2022-07-29,18.156400562343798,0.0
2022-08-01,16.996581645686515,0.0
2022-08-02,15.06118880807783,0.0
2022-08-03,11.187596041758695,0.0
2022-08-04,7.907021995808239,0.0
2022-08-05,5.202223504558368,0.0
2022-08-08,2.736850046089878,0.0
2022-08-09,0.3641800663867434,0.0
2022-08-10,9.45986335502611,0.0
2022-08-11,0.8544018725204383,0.0
2022-08-12,4.031358182618039,0.0
2022-08-15,4.784451494895281,0.0
2022-08-16,2.375138394457532,0.0
2022-08-17,-1.0309961811404866,-1.0
2022-08-18,-0.6351363811360144,0.0
2022-08-19,-7.109029755901897,0.0
2022-08-22,-10.295447355569376,0.0
2022-08-23,-3.439543765910791,0.0
2022-08-24,0.795990467163965,1.0
2022-08-25,-1.0167426365055854,-1.0
2022-08-26,-9.374670640310367,0.0
2022-08-29,-15.543312633521445,0.0
2022-08-30,-18.726355212935687,0.0
2022-08-31,-20.048729352020935,0.0
2022-09-01,-23.986899431845465,0.0
2022-09-02,-27.3051739866642,0.0
2022-09-06,-24.561618288499844,0.0
2022-09-07,-19.466504116403748,0.0
2022-09-08,-18.548648627315046,0.0
2022-09-09,-16.436699420736968,0.0
2022-09-12,-19.00123309295627,0.0
2022-09-13,-19.219532549354245,0.0
2022-09-14,-16.891974673437428,0.0
2022-09-15,-16.389695191631127,0.0
2022-09-16,-12.535299485099383,0.0
2022-09-19,-3.9536751777604406,0.0
2022-09-20,-3.4226157255373812,0.0
2022-09-21,-1.4857641868371463,0.0
2022-09-22,-8.407478450574512,0.0
2022-09-23,-10.536088665647526,0.0
2022-09-26,-15.006594172030074,0.0
2022-09-27,-14.422611603322755,0.0
2022-09-28,-3.0081500147166818,0.0
2022-09-29,-6.916499617708006,0.0
2022-09-30,-6.110311718723171,0.0
2022-10-03,-5.197760965397569,0.0
2022-10-04,-1.606621463076896,0.0
2022-10-05,0.25045222049446814,1.0
2022-10-06,-0.9878637197766604,-1.0
2022-10-07,-3.8611375394997483,0.0
2022-10-10,-6.759342154164994,0.0
2022-10-11,-5.250253682970774,0.0
2022-10-12,-7.35520750263362,0.0
2022-10-13,-6.092954775293324,0.0
2022-10-14,-8.126021324413845,0.0
2022-10-17,-2.0677192771335506,0.0
2022-10-18,-4.355823501931888,0.0
2022-10-19,-8.475759077855605,0.0
2022-10-20,-7.684144331685316,0.0
2022-10-21,-5.0571270901509475,0.0
2022-10-24,4.33091173535487,1.0
2022-10-25,13.633242814627767,0.0
2022-10-26,11.306753319164287,0.0
2022-10-27,14.573936321730052,0.0
2022-10-28,15.668894747165375,0.0
2022-10-31,20.219102126899635,0.0
2022-11-01,13.921623539810945,0.0
2022-11-02,10.4621150367757,0.0
2022-11-03,11.36835902194402,0.0
2022-11-04,16.089852935948933,0.0
2022-11-07,14.720051884878437,0.0
2022-11-08,15.898080775234668,0.0
2022-11-09,3.883575112403359,0.0
2022-11-10,22.130905589417505,0.0
2022-11-11,23.914683494203757,0.0
2022-11-14,17.789494686844076,0.0
2022-11-15,23.479313468082918,0.0
2022-11-16,17.477671597075826,0.0
2022-11-17,18.594453240867615,0.0
2022-11-18,14.812614752828935,0.0
2022-11-21,8.201487536238773,0.0
2022-11-22,12.146006792653164,0.0
2022-11-23,13.128329945031304,0.0
2022-11-25,18.103949194464562,0.0
2022-11-28,0.4888766409399059,0.0
2022-11-29,-4.213889402193615,-1.0
2022-11-30,3.8805053306368187,1.0
2022-12-01,2.840409120657328,0.0
2022-12-02,6.098801435401824,0.0
2022-12-05,5.978497693658369,0.0
2022-12-06,3.777606447079318,0.0
2022-12-07,5.269465415079577,0.0
2022-12-08,7.079366799163944,0.0
2022-12-09,2.944187410008414,0.0
2022-12-12,7.802604827396231,0.0
2022-12-13,14.213849787462408,0.0
2022-12-14,13.04125178122022,0.0
2022-12-15,0.17136614043766762,0.0
2022-12-16,-3.291521538661568,-1.0
2022-12-19,-3.685734932061302,0.0
2022-12-20,-3.160737826540194,0.0
2022-12-21,3.21510364566846,1.0
2022-12-22,-4.844915636716507,-1.0
2022-12-23,-11.4333899853283,0.0
2022-12-27,-16.94016419508655,0.0
2022-12-28,-19.954372375200393,0.0
2022-12-29,-19.195450830447815,0.0
2022-12-30,-17.313555198268315,0.0
