Date,RSI,Numerical_Signal
2015-02-02,45.93298999803712,-1.0
2015-02-03,50.042663194750915,0.0
2015-02-04,50.44724146753765,0.0
2015-02-05,53.08668782261243,0.0
2015-02-06,52.28711159534602,0.0
2015-02-09,52.103552673727144,0.0
2015-02-10,56.66731841445711,0.0
2015-02-11,55.304897247749395,0.0
2015-02-12,64.78902370390998,0.0
2015-02-13,64.84168869534885,0.0
2015-02-17,65.22526535865362,0.0
2015-02-18,62.55711379375018,0.0
2015-02-19,62.92548385184888,0.0
2015-02-20,63.92197301120864,0.0
2015-02-23,61.95008545930771,0.0
2015-02-24,63.50320751912979,0.0
2015-02-25,61.588944421395276,0.0
2015-02-26,62.014353078154066,0.0
2015-02-27,60.37216791923963,0.0
2015-03-02,64.21923377271509,0.0
2015-03-03,59.49086610267833,0.0
2015-03-04,61.27722957370816,0.0
2015-03-05,64.14038990823573,0.0
2015-03-06,60.732645836921186,0.0
2015-03-09,61.153142923758786,0.0
2015-03-10,63.80506431653663,0.0
2015-03-11,62.424769178814444,0.0
2015-03-12,60.03253409355466,0.0
2015-03-13,60.26151845894331,0.0
2015-03-16,62.30751427086759,0.0
2015-03-17,64.31327850265933,0.0
2015-03-18,59.76960569432559,0.0
2015-03-19,62.348522820879225,0.0
2015-03-20,64.07978098946498,0.0
2015-03-23,55.860452520644856,0.0
2015-03-24,52.944553621712316,0.0
2015-03-25,42.660981901078586,0.0
2015-03-26,42.21673128996377,0.0
2015-03-27,45.70283495421563,0.0
2015-03-30,46.44948725267527,0.0
2015-03-31,42.73817758415214,0.0
2015-04-01,43.442870302880785,0.0
2015-04-02,43.89718724842193,0.0
2015-04-06,49.14250967573901,0.0
2015-04-07,50.655213579684336,0.0
2015-04-08,51.922663829321884,0.0
2015-04-09,55.73754782993095,0.0
2015-04-10,57.34426917914314,0.0
2015-04-13,55.41112358381865,0.0
2015-04-14,53.687441594770185,0.0
2015-04-15,55.74664587277319,0.0
2015-04-16,54.425766316152064,0.0
2015-04-17,51.75206769428106,0.0
2015-04-20,50.756510175991195,0.0
2015-04-21,50.47775633343242,0.0
2015-04-22,52.753974549561775,0.0
2015-04-23,51.85077631410491,0.0
2015-04-24,49.95047824156562,0.0
2015-04-27,51.620466791433735,0.0
2015-04-28,52.6955165218564,0.0
2015-04-29,50.85706593264438,0.0
2015-04-30,51.48588719866231,0.0
2015-05-01,56.81745616026085,0.0
2015-05-04,55.19226727642101,0.0
2015-05-05,49.071136317542624,0.0
2015-05-06,49.778822991193394,0.0
2015-05-07,53.56257915640293,0.0
2015-05-08,40.044742068585215,0.0
2015-05-11,38.802758846577625,0.0
2015-05-12,40.73751605618125,0.0
2015-05-13,41.89764473318386,0.0
2015-05-14,45.10285819828531,0.0
2015-05-15,45.19653431143673,0.0
2015-05-18,44.95443213041961,0.0
2015-05-19,43.8614915566952,0.0
2015-05-20,43.8614915566952,0.0
2015-05-21,42.5586685364394,0.0
2015-05-22,42.29419078865023,0.0
2015-05-26,41.12833140323031,0.0
2015-05-27,52.81764172062106,0.0
2015-05-28,55.3404565131361,0.0
2015-05-29,55.23688667900361,0.0
2015-06-01,57.33909925741484,0.0
2015-06-02,52.749525748002775,0.0
2015-06-03,50.43175213302,0.0
2015-06-04,53.89678424360155,0.0
2015-06-05,55.32955831763405,0.0
2015-06-08,50.384814369193144,0.0
2015-06-09,51.371532816487225,0.0
2015-06-10,47.82228689659271,0.0
2015-06-11,49.96803138796881,0.0
2015-06-12,44.9737462663622,0.0
2015-06-15,44.65518556184468,0.0
2015-06-16,47.21311901570928,0.0
2015-06-17,49.57231344671505,0.0
2015-06-18,52.771535033165684,0.0
2015-06-19,52.0950618883091,0.0
2015-06-22,51.2066964287842,0.0
2015-06-23,46.061927037724814,0.0
2015-06-24,44.304762190523405,0.0
2015-06-25,45.95811508255632,0.0
2015-06-26,42.39765856157087,0.0
2015-06-29,37.93688579943828,0.0
2015-06-30,37.86921995219649,0.0
2015-07-01,41.076520844302365,0.0
2015-07-02,41.29649709747641,0.0
2015-07-06,39.362758104170915,0.0
2015-07-07,36.61928972877014,0.0
2015-07-08,35.65555470422214,0.0
2015-07-09,34.03899518740714,0.0
2015-07-10,38.21619090670427,0.0
2015-07-13,39.75179366461573,0.0
2015-07-14,39.87277829736094,0.0
2015-07-15,38.72654797178696,0.0
2015-07-16,44.04793731507421,0.0
2015-07-17,42.976416008265076,0.0
2015-07-20,39.831654692074835,0.0
2015-07-21,40.93822516971854,0.0
2015-07-22,37.844870410091545,0.0
2015-07-23,40.81789161571691,0.0
2015-07-24,38.93900723093987,0.0
2015-07-27,38.05706154715413,0.0
2015-07-28,43.22519470530351,0.0
2015-07-29,45.93827599586546,0.0
2015-07-30,46.49895226384096,0.0
2015-07-31,45.79896761829845,0.0
2015-08-03,49.672502777292486,0.0
2015-08-04,50.54773336471249,0.0
2015-08-05,52.815415624465295,0.0
2015-08-06,51.283010859672544,0.0
2015-08-07,69.44411068206017,0.0
2015-08-10,72.81705109793573,0.0
2015-08-11,71.56963572214825,0.0
2015-08-12,71.82370023953091,0.0
2015-08-13,69.64027663180121,0.0
2015-08-14,69.73712186330064,0.0
2015-08-17,68.02407194163347,0.0
2015-08-18,65.6161747801805,0.0
2015-08-19,64.59436005638713,0.0
2015-08-20,56.11187648389937,0.0
2015-08-21,50.32838991555355,0.0
2015-08-24,44.95613495296179,0.0
2015-08-25,42.26893060866105,0.0
2015-08-26,52.82938655906301,0.0
2015-08-27,57.24192052498834,0.0
2015-08-28,57.74925812671193,0.0
2015-08-31,56.00064960593117,0.0
2015-09-01,50.12153372905125,0.0
2015-09-02,53.733785866192235,0.0
2015-09-03,54.05714522774937,0.0
2015-09-04,50.817636975596486,0.0
2015-09-08,55.80379294891027,0.0
2015-09-09,53.06377416640357,0.0
2015-09-10,54.87769677799399,0.0
2015-09-11,55.24183639925962,0.0
2015-09-14,55.45805626837813,0.0
2015-09-15,56.83014004785549,0.0
2015-09-16,57.707763556105895,0.0
2015-09-17,58.86320441707655,0.0
2015-09-18,58.702440069840996,0.0
2015-09-21,60.079710904751494,0.0
2015-09-22,54.93675804021324,0.0
2015-09-23,55.6240000707692,0.0
2015-09-24,58.30168293145208,0.0
2015-09-25,59.30050125082297,0.0
2015-09-28,56.693842732087084,0.0
2015-09-29,59.191202249995726,0.0
2015-09-30,64.17673262908792,0.0
2015-10-01,60.22209375540144,0.0
2015-10-02,63.342875756744284,0.0
2015-10-05,66.09815834958539,0.0
2015-10-06,67.46819854272977,0.0
2015-10-07,68.56228602366664,0.0
2015-10-08,69.16872005251264,0.0
2015-10-09,68.24487647748714,0.0
2015-10-12,69.44755032054537,0.0
2015-10-13,69.66348063361113,0.0
2015-10-14,73.45558833403081,0.0
2015-10-15,73.70780482063853,0.0
2015-10-16,75.22995145460887,0.0
2015-10-19,74.70060065821428,0.0
2015-10-20,74.26053261562743,0.0
2015-10-21,70.33581574953408,0.0
2015-10-22,74.27201417528786,0.0
2015-10-23,74.94371609663301,0.0
2015-10-26,73.56052225585314,0.0
2015-10-27,73.34128793262788,0.0
2015-10-28,74.26946581347516,0.0
2015-10-29,64.1498813385218,0.0
2015-10-30,67.40788690075044,0.0
2015-11-02,68.83377928700565,0.0
2015-11-03,66.96479166273919,0.0
2015-11-04,62.750061314596465,0.0
2015-11-05,60.04170249295386,0.0
2015-11-06,74.14023074533713,0.0
2015-11-09,73.14975481036542,0.0
2015-11-10,68.99162402147113,0.0
2015-11-11,66.98752802461533,0.0
2015-11-12,66.24480813898862,0.0
2015-11-13,62.28009217883023,0.0
2015-11-16,64.51558982986171,0.0
2015-11-17,64.51558982986172,0.0
2015-11-18,67.2002111046319,0.0
2015-11-19,67.51277273935212,0.0
2015-11-20,68.46178509911397,0.0
2015-11-23,64.98337013837025,0.0
2015-11-24,65.95196163439127,0.0
2015-11-25,65.64615973818937,0.0
2015-11-27,66.70260056119184,0.0
2015-11-30,68.01667869874531,0.0
2015-12-01,71.68764757655858,0.0
2015-12-02,69.6452945215515,0.0
2015-12-03,69.0653602529124,0.0
2015-12-04,73.45318415433566,0.0
2015-12-07,68.49481630510539,0.0
2015-12-08,69.9939901724139,0.0
2015-12-09,63.94397522159186,0.0
2015-12-10,64.9567617675574,0.0
2015-12-11,61.6487180774307,0.0
2015-12-14,61.981446797944024,0.0
2015-12-15,63.641755670197035,0.0
2015-12-16,64.45868374314828,0.0
2015-12-17,60.860228984885794,0.0
2015-12-18,57.29149732444973,0.0
2015-12-21,60.76419410475877,0.0
2015-12-22,60.8963367214873,0.0
2015-12-23,61.48785674369899,0.0
2015-12-24,61.999890038788536,0.0
2015-12-28,61.76411753315699,0.0
2015-12-29,64.33350195919198,0.0
2015-12-30,61.97907874114589,0.0
2015-12-31,58.630092162641446,0.0
2016-01-04,54.385790517552216,0.0
2016-01-05,57.25647303673145,0.0
2016-01-06,48.801143956342074,0.0
2016-01-07,42.70036361409749,0.0
2016-01-08,39.96559170399387,0.0
2016-01-11,40.27534230779796,0.0
2016-01-12,43.35172969192893,0.0
2016-01-13,39.41907562739088,0.0
2016-01-14,37.14442776842888,0.0
2016-01-15,32.00440320312141,0.0
2016-01-19,33.37302298719429,1.0
2016-01-20,34.32188635484887,0.0
2016-01-21,36.35707747313769,0.0
2016-01-22,40.311915279937296,0.0
2016-01-25,40.19057726265754,0.0
2016-01-26,41.90835730446258,0.0
2016-01-27,40.424339713863645,0.0
2016-01-28,39.095628757500464,0.0
2016-01-29,46.499843705243784,0.0
2016-02-01,46.55501528617081,0.0
2016-02-02,41.033306755364535,0.0
2016-02-03,41.85296484255731,0.0
2016-02-04,41.91367316434809,0.0
2016-02-05,35.05616213266131,0.0
2016-02-08,31.38220373788056,0.0
2016-02-09,33.03073503947847,1.0
2016-02-10,32.84615145170726,0.0
2016-02-11,32.432735925160245,0.0
2016-02-12,35.269219530188735,1.0
2016-02-16,42.69000742930782,0.0
2016-02-17,46.14566690176386,0.0
2016-02-18,56.05408298841669,0.0
2016-02-19,57.43942032863978,0.0
2016-02-22,60.93899653365266,0.0
2016-02-23,61.18785956480999,0.0
2016-02-24,61.89059703726019,0.0
2016-02-25,62.12033730293305,0.0
2016-02-26,60.959913445724425,0.0
2016-02-29,59.807696910121635,0.0
2016-03-01,64.58526981326025,0.0
2016-03-02,65.18078056805075,0.0
2016-03-03,63.46616927814818,0.0
2016-03-04,62.86585893122765,0.0
2016-03-07,61.578373442879105,0.0
2016-03-08,58.06181969413305,0.0
2016-03-09,57.94378307800949,0.0
2016-03-10,57.635329438525,0.0
2016-03-11,60.052710251477194,0.0
2016-03-14,60.40506404818939,0.0
2016-03-15,59.303860065348836,0.0
2016-03-16,63.50564174973044,0.0
2016-03-17,61.5544980746221,0.0
2016-03-18,65.49970902617119,0.0
2016-03-21,65.87206487455046,0.0
2016-03-22,65.42611504306814,0.0
2016-03-23,67.65451361297383,0.0
2016-03-24,67.84257039611353,0.0
2016-03-28,69.16378759725107,0.0
2016-03-29,71.15946814275212,0.0
2016-03-30,72.40169877244654,0.0
2016-03-31,71.26640453344459,0.0
2016-04-01,73.04595322569594,0.0
2016-04-04,69.97553586179235,0.0
2016-04-05,69.53594730930372,0.0
2016-04-06,69.73607252984101,0.0
2016-04-07,66.34159648174997,0.0
2016-04-08,67.38049389469393,0.0
2016-04-11,68.363762103504,0.0
2016-04-12,67.97160303416908,0.0
2016-04-13,71.80214478760654,0.0
2016-04-14,72.19115051998753,0.0
2016-04-15,73.31489677516694,0.0
2016-04-18,71.63379481397067,0.0
2016-04-19,65.14737704381668,0.0
2016-04-20,65.83804933830126,0.0
2016-04-21,65.44803452293652,0.0
2016-04-22,64.04994392160961,0.0
2016-04-25,65.06004946177134,0.0
2016-04-26,65.23144385181081,0.0
2016-04-27,69.57763667306759,0.0
2016-04-28,59.16598551887765,0.0
2016-04-29,54.029095075754505,0.0
2016-05-02,56.79880219165392,0.0
2016-05-03,53.683945432137776,0.0
2016-05-04,48.41884974900567,0.0
2016-05-05,49.763468745000424,0.0
2016-05-06,52.02035954063006,0.0
2016-05-09,51.68092801172991,0.0
2016-05-10,55.8090241606306,0.0
2016-05-11,56.385810547422004,0.0
2016-05-12,52.82918659066035,0.0
2016-05-13,72.7818652884832,0.0
2016-05-16,75.24687609371969,0.0
2016-05-17,75.42117038415212,0.0
2016-05-18,77.42858994171172,0.0
2016-05-19,77.7649019984573,0.0
2016-05-20,79.10991965083213,0.0
2016-05-23,79.22862177196588,0.0
2016-05-24,80.98015396119271,0.0
2016-05-25,79.729230652414,0.0
2016-05-26,80.52902181694463,0.0
2016-05-27,80.94126759440847,0.0
2016-05-31,82.2395639881602,0.0
2016-06-01,82.3782365475628,0.0
2016-06-02,82.89381576069813,0.0
2016-06-03,78.08427903348918,0.0
2016-06-06,76.38773466528808,0.0
2016-06-07,76.58854833495852,0.0
2016-06-08,75.4626271348658,0.0
2016-06-09,78.1653056626148,0.0
2016-06-10,70.16577870311534,0.0
2016-06-13,71.69063390931402,0.0
2016-06-14,71.92106358518238,0.0
2016-06-15,73.1481817324073,0.0
2016-06-16,73.62837052920418,0.0
2016-06-17,68.03371569287266,0.0
2016-06-20,70.4275162462506,0.0
2016-06-21,68.56169029548504,0.0
2016-06-22,68.29903111290723,0.0
2016-06-23,71.87277071377996,0.0
2016-06-24,57.044812643043414,0.0
2016-06-27,54.92704898773898,0.0
2016-06-28,57.180881675202734,0.0
2016-06-29,59.59740449812231,0.0
2016-06-30,60.71760724152757,0.0
2016-07-01,59.042345402467525,0.0
2016-07-05,61.26041478807678,0.0
2016-07-06,62.197338562720084,0.0
2016-07-07,65.79645485749515,0.0
2016-07-08,70.4738102370128,0.0
2016-07-11,72.81016789391104,0.0
2016-07-12,74.24052678569498,0.0
2016-07-13,74.13524757575951,0.0
2016-07-14,75.13717780723677,0.0
2016-07-15,71.77695295725243,0.0
2016-07-18,72.34388409617299,0.0
2016-07-19,73.48605130379327,0.0
2016-07-20,74.87605481496743,0.0
2016-07-21,69.4044539085633,0.0
2016-07-22,72.47453095997696,0.0
2016-07-25,74.360882644063,0.0
2016-07-26,75.99002424305046,0.0
2016-07-27,73.05803420438963,0.0
2016-07-28,73.2864730048418,0.0
2016-07-29,74.99713023038193,0.0
2016-08-01,73.01759621173004,0.0
2016-08-02,69.42090076560753,0.0
2016-08-03,69.76173246999835,0.0
2016-08-04,72.03652312766711,0.0
2016-08-05,73.95980287815716,0.0
2016-08-08,74.9686593667988,0.0
2016-08-09,75.24907984736865,0.0
2016-08-10,73.06650196474433,0.0
2016-08-11,75.41685348059481,0.0
2016-08-12,80.45579596020289,0.0
2016-08-15,80.14506278280417,0.0
2016-08-16,78.13397527160244,0.0
2016-08-17,70.97960023327639,0.0
2016-08-18,72.70333821549194,0.0
2016-08-19,72.98778738953848,0.0
2016-08-22,73.46083847171187,0.0
2016-08-23,74.37984858646033,0.0
2016-08-24,69.51289215208011,0.0
2016-08-25,67.54648389794261,0.0
2016-08-26,68.6836921151895,0.0
2016-08-29,68.48160650222299,0.0
2016-08-30,66.62455772548577,0.0
2016-08-31,65.1269647418961,0.0
2016-09-01,69.61431629062078,0.0
2016-09-02,66.52757332980771,0.0
2016-09-06,67.95104747551014,0.0
2016-09-07,63.47236297500031,0.0
2016-09-08,64.65878615468316,0.0
2016-09-09,52.268655888296415,0.0
2016-09-12,55.7846695058827,0.0
2016-09-13,52.85266273155362,0.0
2016-09-14,54.37297064075916,0.0
2016-09-15,60.20886499313401,0.0
2016-09-16,60.55673387274671,0.0
2016-09-19,62.46775889091517,0.0
2016-09-20,60.31809791263865,0.0
2016-09-21,64.26808417688088,0.0
2016-09-22,64.60335663946326,0.0
2016-09-23,64.32538827854773,0.0
2016-09-26,61.88309763024566,0.0
2016-09-27,66.68506408075143,0.0
2016-09-28,67.16013257561409,0.0
2016-09-29,68.38606955756467,0.0
2016-09-30,70.48143514332794,0.0
2016-10-03,70.17543547050009,0.0
2016-10-04,69.4948938381009,0.0
2016-10-05,69.16532553976049,0.0
2016-10-06,65.038318076111,0.0
2016-10-07,62.864400362381545,0.0
2016-10-10,63.519255292361706,0.0
2016-10-11,59.251765446523656,0.0
2016-10-12,60.123984994395556,0.0
2016-10-13,55.61308167510913,0.0
2016-10-14,57.59749215476738,0.0
2016-10-17,56.03188450336402,0.0
2016-10-18,59.11071058573538,0.0
2016-10-19,58.506996140898885,0.0
2016-10-20,62.16779617439992,0.0
2016-10-21,61.30922690317118,0.0
2016-10-24,68.86187775553498,0.0
2016-10-25,71.0394292772018,0.0
2016-10-26,71.56274927009446,0.0
2016-10-27,65.23039970654696,0.0
2016-10-28,64.74147851710336,0.0
2016-10-31,66.07965390250581,0.0
2016-11-01,57.93948911336301,0.0
2016-11-02,56.92497469123052,0.0
2016-11-03,54.17066069712878,0.0
2016-11-04,52.85819673511175,0.0
2016-11-07,62.04214349611336,0.0
2016-11-08,61.6661884476714,0.0
2016-11-09,57.65435675154766,0.0
2016-11-10,51.249193369460755,0.0
2016-11-11,76.54684708813842,0.0
2016-11-14,68.523587802506,0.0
2016-11-15,70.44403891670628,0.0
2016-11-16,74.00549823836859,0.0
2016-11-17,74.45810474721047,0.0
2016-11-18,75.04193699646416,0.0
2016-11-21,74.3412532780327,0.0
2016-11-22,74.77834907664261,0.0
2016-11-23,75.08557168767403,0.0
2016-11-25,75.21680141429269,0.0
2016-11-28,75.10714610526989,0.0
2016-11-29,73.17666948532244,0.0
2016-11-30,70.83675096208576,0.0
2016-12-01,61.80256623842454,0.0
2016-12-02,62.692214464315015,0.0
2016-12-05,66.20119843163056,0.0
2016-12-06,67.61281196622092,0.0
2016-12-07,69.12308308322059,0.0
2016-12-08,66.05442189434464,0.0
2016-12-09,62.98169394311206,0.0
2016-12-12,59.094374840859686,0.0
2016-12-13,60.894478239979755,0.0
2016-12-14,66.13655916497443,0.0
2016-12-15,68.06526758039425,0.0
2016-12-16,69.4433261680474,0.0
2016-12-19,70.40794322456584,0.0
2016-12-20,73.01037279072435,0.0
2016-12-21,73.46830414205513,0.0
2016-12-22,74.35649202553526,0.0
2016-12-23,76.11235283028824,0.0
2016-12-27,80.15217395447435,0.0
2016-12-28,67.3246635864617,0.0
2016-12-29,68.74693469088443,0.0
2016-12-30,62.57844170210916,0.0
2017-01-03,57.13599924778153,0.0
2017-01-04,59.0235224599874,0.0
2017-01-05,56.12667482010509,0.0
2017-01-06,57.2598751153581,0.0
2017-01-09,60.555962072664734,0.0
2017-01-10,59.61813019426274,0.0
2017-01-11,58.086658920988945,0.0
2017-01-12,56.095120591690964,0.0
2017-01-13,56.08338758378538,0.0
2017-01-17,53.35018848263521,0.0
2017-01-18,55.173942429977565,0.0
2017-01-19,57.28525182810943,0.0
2017-01-20,55.84453241623209,0.0
2017-01-23,56.915685344607525,0.0
2017-01-24,59.082820791031665,0.0
2017-01-25,59.52293471749946,0.0
2017-01-26,61.29488767880084,0.0
2017-01-27,63.226326558235385,0.0
2017-01-30,60.598781836783125,0.0
2017-01-31,59.35249787128798,0.0
2017-02-01,63.802329597679545,0.0
2017-02-02,65.01924519179397,0.0
2017-02-03,63.444517644655356,0.0
2017-02-06,65.96190756722751,0.0
2017-02-07,67.42857435037416,0.0
2017-02-08,66.56590846236804,0.0
2017-02-09,62.93164829593441,0.0
2017-02-10,58.75266856684223,0.0
2017-02-13,51.86910372541182,0.0
2017-02-14,52.317998699495625,0.0
2017-02-15,52.57402153934487,0.0
2017-02-16,50.31159271678239,0.0
2017-02-17,50.285561111270795,0.0
2017-02-21,54.9923128685824,0.0
2017-02-22,54.75041131140423,0.0
2017-02-23,42.78447856007801,0.0
2017-02-24,44.00124094850588,0.0
2017-02-27,47.57073098189665,0.0
2017-02-28,44.59858295051272,0.0
2017-03-01,46.18107393859563,0.0
2017-03-02,42.485342624538156,0.0
2017-03-03,41.95378262375636,0.0
2017-03-06,41.22983565071426,0.0
2017-03-07,42.69533461204022,0.0
2017-03-08,42.50761336798345,0.0
2017-03-09,42.485775990266404,0.0
2017-03-10,43.37413705458112,0.0
2017-03-13,47.399398388093054,0.0
2017-03-14,47.30864831632616,0.0
2017-03-15,48.45163179122559,0.0
2017-03-16,50.308346268790324,0.0
2017-03-17,53.472528729649795,0.0
2017-03-20,57.711616989489514,0.0
2017-03-21,52.443922202060094,0.0
2017-03-22,55.07753133012769,0.0
2017-03-23,53.65831672400213,0.0
2017-03-24,54.1406281007957,0.0
2017-03-27,55.1492300533949,0.0
2017-03-28,54.24759563709104,0.0
2017-03-29,53.67029844703637,0.0
2017-03-30,56.53582702283646,0.0
2017-03-31,55.70830917791459,0.0
2017-04-03,54.721745634479944,0.0
2017-04-04,43.51254911466317,0.0
2017-04-05,42.60597165218594,0.0
2017-04-06,43.805511258315455,0.0
2017-04-07,43.24513911223901,0.0
2017-04-10,40.03528441318752,0.0
2017-04-11,40.669094718093845,0.0
2017-04-12,39.64826923819662,0.0
2017-04-13,37.42633450135466,0.0
2017-04-17,44.19150476180841,0.0
2017-04-18,44.2931933225629,0.0
2017-04-19,44.979314124906544,0.0
2017-04-20,47.724836879779225,0.0
2017-04-21,48.44466652836741,0.0
2017-04-24,50.60941875116977,0.0
2017-04-25,53.50590649759796,0.0
2017-04-26,52.20954347212391,0.0
2017-04-27,54.80306336007175,0.0
2017-04-28,52.33038860764358,0.0
2017-05-01,55.98119351717375,0.0
2017-05-02,50.48506766909623,0.0
2017-05-03,51.701354183175305,0.0
2017-05-04,51.01606630269141,0.0
2017-05-05,51.03317278626556,0.0
2017-05-08,49.070093233492614,0.0
2017-05-09,49.38968563458184,0.0
2017-05-10,70.45577804114257,0.0
2017-05-11,73.72447643463025,0.0
2017-05-12,74.5162868673467,0.0
2017-05-15,77.77278545039626,0.0
2017-05-16,78.87909363890623,0.0
2017-05-17,66.25714221075812,0.0
2017-05-18,69.30054768530758,0.0
2017-05-19,70.88824522046085,0.0
2017-05-22,72.31210355758319,0.0
2017-05-23,69.98857000655262,0.0
2017-05-24,70.80186177899414,0.0
2017-05-25,70.39766440601859,0.0
2017-05-26,72.31884502820998,0.0
2017-05-30,73.8318786686955,0.0
2017-05-31,73.11000108443321,0.0
2017-06-01,73.11530978551734,0.0
2017-06-02,72.0349168296332,0.0
2017-06-05,74.4472245879962,0.0
2017-06-06,73.42499429928915,0.0
2017-06-07,74.40767218924015,0.0
2017-06-08,79.30434024686951,0.0
2017-06-09,66.50432328775348,0.0
2017-06-12,66.70675003146886,0.0
2017-06-13,67.50557894981908,0.0
2017-06-14,67.68818899209809,0.0
2017-06-15,68.07187135958219,0.0
2017-06-16,67.1040972776215,0.0
2017-06-19,70.46342038039322,0.0
2017-06-20,70.15912022816467,0.0
2017-06-21,71.49981241082469,0.0
2017-06-22,69.97037085966294,0.0
2017-06-23,64.02084766519732,0.0
2017-06-26,61.9684484300087,0.0
2017-06-27,55.73276167039671,0.0
2017-06-28,59.69535631400076,0.0
2017-06-29,54.64583575726066,0.0
2017-06-30,52.684328628911736,0.0
2017-07-03,48.19218418372187,0.0
2017-07-05,51.30112328609914,0.0
2017-07-06,51.654122872077046,0.0
2017-07-07,54.3131674390831,0.0
2017-07-10,59.29898841839536,0.0
2017-07-11,60.716509734266715,0.0
2017-07-12,64.65707408504561,0.0
2017-07-13,62.7774407989287,0.0
2017-07-14,65.2228711949243,0.0
2017-07-17,64.50011367965507,0.0
2017-07-18,65.48366284799425,0.0
2017-07-19,64.5371221232399,0.0
2017-07-20,65.98161263636945,0.0
2017-07-21,66.3423880427277,0.0
2017-07-24,64.01970384203136,0.0
2017-07-25,63.066129754982754,0.0
2017-07-26,64.39878820587536,0.0
2017-07-27,58.02894803708579,0.0
2017-07-28,60.02695276113454,0.0
2017-07-31,57.96628372653959,0.0
2017-08-01,59.5073782850168,0.0
2017-08-02,59.39157725304074,0.0
2017-08-03,61.058207935355554,0.0
2017-08-04,61.637050119183556,0.0
2017-08-07,65.44422314268024,0.0
2017-08-08,62.82661858498055,0.0
2017-08-09,64.15894913841446,0.0
2017-08-10,55.61537432766632,0.0
2017-08-11,47.657238235342135,0.0
2017-08-14,56.863189032474104,0.0
2017-08-15,55.68638869588108,0.0
2017-08-16,54.16567806677697,0.0
2017-08-17,51.20577725933814,0.0
2017-08-18,51.22865245448569,0.0
2017-08-21,49.32244563504607,0.0
2017-08-22,52.14823816081764,0.0
2017-08-23,54.59507109964776,0.0
2017-08-24,54.04901686370244,0.0
2017-08-25,52.79171118990468,0.0
2017-08-28,53.743814680016904,0.0
2017-08-29,53.47951230684193,0.0
2017-08-30,54.3374073480282,0.0
2017-08-31,57.502313738818245,0.0
2017-09-01,58.32708864011112,0.0
2017-09-05,53.45561231917897,0.0
2017-09-06,53.35251944515364,0.0
2017-09-07,54.07042735760954,0.0
2017-09-08,50.97124585506286,0.0
2017-09-11,55.8640915211384,0.0
2017-09-12,56.39032743336988,0.0
2017-09-13,57.061792173539956,0.0
2017-09-14,55.90531308601895,0.0
2017-09-15,64.31150436095768,0.0
2017-09-18,68.67791579631484,0.0
2017-09-19,68.4410302977663,0.0
2017-09-20,66.61445404083429,0.0
2017-09-21,60.86249054138067,0.0
2017-09-22,59.00450213266565,0.0
2017-09-25,51.484120016214035,0.0
2017-09-26,52.252832967067455,0.0
2017-09-27,55.18787381110919,0.0
2017-09-28,55.14053375012747,0.0
2017-09-29,57.51055989889615,0.0
2017-10-02,57.685728610605416,0.0
2017-10-03,57.97900553028442,0.0
2017-10-04,59.18640316197779,0.0
2017-10-05,59.06732180715078,0.0
2017-10-06,59.52172231658695,0.0
2017-10-09,62.870120199526745,0.0
2017-10-10,65.47233183142157,0.0
2017-10-11,66.86044593801364,0.0
2017-10-12,66.92312892184339,0.0
2017-10-13,69.3378069627594,0.0
2017-10-16,71.39977682637002,0.0
2017-10-17,71.12821116482856,0.0
2017-10-18,70.86049729115238,0.0
2017-10-19,71.00914037968943,0.0
2017-10-20,69.48286417284743,0.0
2017-10-23,68.99712590200247,0.0
2017-10-24,70.58918179624033,0.0
2017-10-25,62.37324162002676,0.0
2017-10-26,64.1494588128021,0.0
2017-10-27,68.85348328516899,0.0
2017-10-30,70.17537794905182,0.0
2017-10-31,72.04849310611498,0.0
2017-11-01,72.28902239432036,0.0
2017-11-02,70.23346506228899,0.0
2017-11-03,72.05889577916761,0.0
2017-11-06,72.6620995630675,0.0
2017-11-07,74.16128449088227,0.0
2017-11-08,69.37254564350862,0.0
2017-11-09,63.58937435174248,0.0
2017-11-10,70.80739659841308,0.0
2017-11-13,66.31806686541228,0.0
2017-11-14,67.28231845851283,0.0
2017-11-15,62.2031720250459,0.0
2017-11-16,63.333931623477355,0.0
2017-11-17,63.029558764700866,0.0
2017-11-20,64.95854240728231,0.0
2017-11-21,66.29914125121559,0.0
2017-11-22,65.00918903931831,0.0
2017-11-24,66.44726773851744,0.0
2017-11-27,62.68027978797422,0.0
2017-11-28,58.438512241476005,0.0
2017-11-29,45.06448806859202,0.0
2017-11-30,48.76955868014157,0.0
2017-12-01,46.440898869957074,0.0
2017-12-04,39.26361345052829,0.0
2017-12-05,40.216753569797696,0.0
2017-12-06,41.575113815044595,0.0
2017-12-07,43.98140509496291,0.0
2017-12-08,43.634916194242216,0.0
2017-12-11,46.45021036444422,0.0
2017-12-12,43.68263849248424,0.0
2017-12-13,40.57799200181496,0.0
2017-12-14,40.85342349118954,0.0
2017-12-15,45.51800460832792,0.0
2017-12-18,50.62369046378935,0.0
2017-12-19,49.25199067867944,0.0
2017-12-20,49.803834847062724,0.0
2017-12-21,49.063167510012384,0.0
2017-12-22,48.545330365845466,0.0
2017-12-26,50.471148303176626,0.0
2017-12-27,50.22491958255071,0.0
2017-12-28,50.44172277620988,0.0
2017-12-29,46.803606053068414,0.0
2018-01-02,52.24237570283287,0.0
2018-01-03,61.52820804556665,0.0
2018-01-04,62.18885996921119,0.0
2018-01-05,63.262027752190285,0.0
2018-01-08,66.87112972471809,0.0
2018-01-09,66.80828857214917,0.0
2018-01-10,67.73339675432854,0.0
2018-01-11,67.94954202868061,0.0
2018-01-12,66.656925497801,0.0
2018-01-16,63.34723662002768,0.0
2018-01-17,66.18601750941937,0.0
2018-01-18,65.85989722130125,0.0
2018-01-19,69.10481812531522,0.0
2018-01-22,70.94048865009013,0.0
2018-01-23,73.36920837606056,0.0
2018-01-24,69.71513184258112,0.0
2018-01-25,69.99332184680406,0.0
2018-01-26,73.27308276305575,0.0
2018-01-29,74.73878021415425,0.0
2018-01-30,69.99786526749648,0.0
2018-01-31,71.42096874884554,0.0
2018-02-01,65.77005726825334,0.0
2018-02-02,59.269125236907264,0.0
2018-02-05,45.75202291676353,0.0
2018-02-06,52.576063748636564,0.0
2018-02-07,54.21913165263449,0.0
2018-02-08,48.07692323338601,0.0
2018-02-09,55.00296267871603,0.0
2018-02-12,52.935488516443755,0.0
2018-02-13,54.95962620986351,0.0
2018-02-14,58.54572619022669,0.0
2018-02-15,60.46082171185105,0.0
2018-02-16,58.959539994316266,0.0
2018-02-20,60.96925319036679,0.0
2018-02-21,56.74367274126843,0.0
2018-02-22,57.07073091208351,0.0
2018-02-23,58.645508974784654,0.0
2018-02-26,58.91827232023591,0.0
2018-02-27,58.59282028597363,0.0
2018-02-28,56.048255266118645,0.0
2018-03-01,50.483528003976495,0.0
2018-03-02,52.671230302026494,0.0
2018-03-05,52.172519288204086,0.0
2018-03-06,55.422447424062,0.0
2018-03-07,55.228274206284325,0.0
2018-03-08,54.81134617642709,0.0
2018-03-09,56.96181570335259,0.0
2018-03-12,59.14635931080327,0.0
2018-03-13,57.71925236372222,0.0
2018-03-14,58.25198884423895,0.0
2018-03-15,58.57208879401291,0.0
2018-03-16,59.19771524147391,0.0
2018-03-19,52.285602289518835,0.0
2018-03-20,57.06204546797511,0.0
2018-03-21,56.35605892206855,0.0
2018-03-22,51.90895720055415,0.0
2018-03-23,46.76789305220744,0.0
2018-03-26,53.10476966649465,0.0
2018-03-27,44.01864400676958,0.0
2018-03-28,42.3414315453947,0.0
2018-03-29,47.51103038943693,0.0
2018-04-02,43.3043229962955,0.0
2018-04-03,45.38112194904057,0.0
2018-04-04,45.81360274647584,0.0
2018-04-05,43.819342550933065,0.0
2018-04-06,41.05923573559053,0.0
2018-04-09,41.68825345384374,0.0
2018-04-10,47.984821433140084,0.0
2018-04-11,47.26705012888582,0.0
2018-04-12,51.11988809724312,0.0
2018-04-13,49.70241531811662,0.0
2018-04-16,49.697743864987004,0.0
2018-04-17,52.54304924295864,0.0
2018-04-18,51.94490499217728,0.0
2018-04-19,48.31768554957377,0.0
2018-04-20,48.15833479440343,0.0
2018-04-23,45.829517151960125,0.0
2018-04-24,44.57066433677532,0.0
2018-04-25,42.48946332761381,0.0
2018-04-26,47.36715049568768,0.0
2018-04-27,47.969498957133844,0.0
2018-04-30,47.23638361400333,0.0
2018-05-01,48.53329816207727,0.0
2018-05-02,48.07245386153527,0.0
2018-05-03,51.93885321676035,0.0
2018-05-04,55.134169261803095,0.0
2018-05-07,59.61354923524088,0.0
2018-05-08,60.35840808379055,0.0
2018-05-09,62.62787863996427,0.0
2018-05-10,64.36426113787118,0.0
2018-05-11,60.55189226025823,0.0
2018-05-14,60.91306750459265,0.0
2018-05-15,54.689318202322,0.0
2018-05-16,54.91201233124139,0.0
2018-05-17,55.77624918780103,0.0
2018-05-18,54.62863038280593,0.0
2018-05-21,53.51543885005996,0.0
2018-05-22,52.495336478700615,0.0
2018-05-23,55.39695813879207,0.0
2018-05-24,55.48297744493226,0.0
2018-05-25,56.42091273536555,0.0
2018-05-29,55.88307411325466,0.0
2018-05-30,58.53633630904912,0.0
2018-05-31,57.87024108658613,0.0
2018-06-01,61.0378854593989,0.0
2018-06-04,64.75242104726622,0.0
2018-06-05,64.8596989011007,0.0
2018-06-06,64.90063518238003,0.0
2018-06-07,62.73872667221827,0.0
2018-06-08,62.13830508453698,0.0
2018-06-11,60.506434571690946,0.0
2018-06-12,61.75478157453315,0.0
2018-06-13,61.56662220637029,0.0
2018-06-14,64.42490504908227,0.0
2018-06-15,62.63113400113567,0.0
2018-06-18,62.442539476480995,0.0
2018-06-19,57.19681888093305,0.0
2018-06-20,58.78219121116055,0.0
2018-06-21,53.695158667794345,0.0
2018-06-22,48.46517639680133,0.0
2018-06-25,40.49227862529672,0.0
2018-06-26,42.89139969454924,0.0
2018-06-27,39.2521346733755,0.0
2018-06-28,43.39655223869402,0.0
2018-06-29,41.12138909059646,0.0
2018-07-02,45.19947575219208,0.0
2018-07-03,42.09591747537801,0.0
2018-07-05,46.327319852874545,0.0
2018-07-06,49.368968352843865,0.0
2018-07-09,50.59901253422558,0.0
2018-07-10,53.097770623142935,0.0
2018-07-11,49.34104042860308,0.0
2018-07-12,51.66935014924111,0.0
2018-07-13,50.41034602951529,0.0
2018-07-16,49.66346273920822,0.0
2018-07-17,53.23843077521482,0.0
2018-07-18,51.83383380263831,0.0
2018-07-19,52.054620638057564,0.0
2018-07-20,51.201082546261894,0.0
2018-07-23,50.07891515811788,0.0
2018-07-24,49.53838016302059,0.0
2018-07-25,52.00037757107908,0.0
2018-07-26,54.21053178377914,0.0
2018-07-27,51.82541225342386,0.0
2018-07-30,45.88041761531244,0.0
2018-07-31,46.4783748451588,0.0
2018-08-01,47.81685037925945,0.0
2018-08-02,51.1327785812135,0.0
2018-08-03,52.27132127785495,0.0
2018-08-06,53.75043122604437,0.0
2018-08-07,55.925686082544864,0.0
2018-08-08,56.99746782161712,0.0
2018-08-09,55.11634246882539,0.0
2018-08-10,53.53177226482106,0.0
2018-08-13,54.62539805820325,0.0
2018-08-14,58.709230084903126,0.0
2018-08-15,56.34678001066374,0.0
2018-08-16,54.72891158017171,0.0
2018-08-17,44.40202251185952,0.0
2018-08-20,46.92473312650043,0.0
2018-08-21,51.15781700458459,0.0
2018-08-22,57.363115809005336,0.0
2018-08-23,59.64673699809971,0.0
2018-08-24,62.47791686220382,0.0
2018-08-27,64.28222377167353,0.0
2018-08-28,62.96573186241884,0.0
2018-08-29,65.07683422939219,0.0
2018-08-30,64.45941959670553,0.0
2018-08-31,65.89679737492915,0.0
2018-09-04,67.35904020821323,0.0
2018-09-05,62.43254640257201,0.0
2018-09-06,57.64191715215381,0.0
2018-09-07,56.94789478130288,0.0
2018-09-10,58.69488509344201,0.0
2018-09-11,57.05603088577474,0.0
2018-09-12,53.320724613468045,0.0
2018-09-13,55.41786762665004,0.0
2018-09-14,58.5921582241406,0.0
2018-09-17,56.51188145623481,0.0
2018-09-18,54.15595897914793,0.0
2018-09-19,54.81019129531945,0.0
2018-09-20,50.32199239877602,0.0
2018-09-21,48.25678216718046,0.0
2018-09-24,49.97490012565398,0.0
2018-09-25,51.995830626270674,0.0
2018-09-26,50.80794229098839,0.0
2018-09-27,51.18606889660917,0.0
2018-09-28,60.3016749837696,0.0
2018-10-01,64.56667624456227,0.0
2018-10-02,62.13989312434991,0.0
2018-10-03,62.26949361853216,0.0
2018-10-04,56.23978687572409,0.0
2018-10-05,49.805284435549765,0.0
2018-10-08,47.332874495764806,0.0
2018-10-09,47.194213761576975,0.0
2018-10-10,37.27317296617682,0.0
2018-10-11,33.34751741980895,0.0
2018-10-12,40.47757027842902,0.0
2018-10-15,36.46179138824168,0.0
2018-10-16,42.121592070770504,0.0
2018-10-17,41.10005114225711,0.0
2018-10-18,39.80510483923273,0.0
2018-10-19,36.2743127100939,0.0
2018-10-22,37.43033701633993,0.0
2018-10-23,34.19424395368118,0.0
2018-10-24,28.64013236381753,0.0
2018-10-25,33.09434336529138,1.0
2018-10-26,30.801678238904657,0.0
2018-10-29,28.084559143151182,0.0
2018-10-30,36.20979349233477,1.0
2018-10-31,39.453866811283824,0.0
2018-11-01,42.32443864180613,0.0
2018-11-02,41.41868658247019,0.0
2018-11-05,40.51737736740294,0.0
2018-11-06,40.30926541215055,0.0
2018-11-07,41.52492959009977,0.0
2018-11-08,39.128304486858674,0.0
2018-11-09,39.03101592936913,0.0
2018-11-12,34.48221554893152,0.0
2018-11-13,39.013868979068576,0.0
2018-11-14,38.40708972035737,0.0
2018-11-15,40.78495471774286,0.0
2018-11-16,31.453990572600844,0.0
2018-11-19,27.954855651845747,0.0
2018-11-20,29.78029814433222,0.0
2018-11-21,29.00838117361083,0.0
2018-11-23,29.13671104032342,0.0
2018-11-26,32.691310284890605,0.0
2018-11-27,32.99019569898998,0.0
2018-11-28,35.78851519075262,1.0
2018-11-29,35.16615577131587,0.0
2018-11-30,37.87325788889721,0.0
2018-12-03,40.71095331866318,0.0
2018-12-04,37.211215806130284,0.0
2018-12-06,37.72548967013579,0.0
2018-12-07,34.99473226089381,0.0
2018-12-10,36.907746856870425,0.0
2018-12-11,35.94619397596264,0.0
2018-12-12,36.28423874862923,0.0
2018-12-13,36.28139989416089,0.0
2018-12-14,35.566704038440406,0.0
2018-12-17,34.719896507834065,0.0
2018-12-18,36.5806956300821,0.0
2018-12-19,34.01967514439025,0.0
2018-12-20,33.03491168726268,0.0
2018-12-21,31.479387545627958,0.0
2018-12-24,30.79216294486875,0.0
2018-12-26,34.43481919007891,1.0
2018-12-27,33.833853462039,0.0
2018-12-28,35.35973883993307,0.0
2018-12-31,35.30789908773167,0.0
2019-01-02,37.06901521377692,0.0
2019-01-03,34.11139992663189,0.0
2019-01-04,39.19919719747694,0.0
2019-01-07,43.254744631485465,0.0
2019-01-08,41.80148233743216,0.0
2019-01-09,43.3449239299401,0.0
2019-01-10,44.82905290214393,0.0
2019-01-11,46.82114820887417,0.0
2019-01-14,47.70996179691716,0.0
2019-01-15,47.41462813086854,0.0
2019-01-16,46.86284843613498,0.0
2019-01-17,48.62265096458215,0.0
2019-01-18,51.670520906292914,0.0
2019-01-22,47.06715723333249,0.0
2019-01-23,47.381639176335916,0.0
2019-01-24,52.28739573814472,0.0
2019-01-25,53.519805982049036,0.0
2019-01-28,42.45596745152473,0.0
2019-01-29,39.939719257077485,0.0
2019-01-30,43.14371292083325,0.0
2019-01-31,46.4469510068651,0.0
2019-02-01,46.94689329727903,0.0
2019-02-04,49.213093868333814,0.0
2019-02-05,49.605170643856134,0.0
2019-02-06,51.17676136506869,0.0
2019-02-07,48.27736706690212,0.0
2019-02-08,48.6886681749048,0.0
2019-02-11,47.77162220508457,0.0
2019-02-12,50.46654184593578,0.0
2019-02-13,51.422429042603945,0.0
2019-02-14,52.35627439950486,0.0
2019-02-15,53.94346656176165,0.0
2019-02-19,53.47632931412938,0.0
2019-02-20,54.6054227986938,0.0
2019-02-21,52.64780106407598,0.0
2019-02-22,54.74858967218743,0.0
2019-02-25,54.377339737872845,0.0
2019-02-26,53.1704326726593,0.0
2019-02-27,51.88202816487175,0.0
2019-02-28,51.11745413255642,0.0
2019-03-01,52.73922878128224,0.0
2019-03-04,52.98662560376847,0.0
2019-03-05,52.75758240238189,0.0
2019-03-06,48.92988502433013,0.0
2019-03-07,46.70362890638689,0.0
2019-03-08,47.93696199303916,0.0
2019-03-11,56.07759579326806,0.0
2019-03-12,57.007578699776815,0.0
2019-03-13,60.86330677142793,0.0
2019-03-14,58.111380378335845,0.0
2019-03-15,60.70874152897362,0.0
2019-03-18,59.91737495592915,0.0
2019-03-19,63.81968142352212,0.0
2019-03-20,62.5768908698505,0.0
2019-03-21,67.437561252329,0.0
2019-03-22,61.739526853146685,0.0
2019-03-25,58.72247112896912,0.0
2019-03-26,60.41389215095424,0.0
2019-03-27,60.10344686180994,0.0
2019-03-28,60.53611554459303,0.0
2019-03-29,61.87647554228725,0.0
2019-04-01,63.41654339750042,0.0
2019-04-02,63.823812539048795,0.0
2019-04-03,66.85511144584262,0.0
2019-04-04,66.47947635319338,0.0
2019-04-05,67.89805546058957,0.0
2019-04-08,68.33850536538762,0.0
2019-04-09,65.48981709260752,0.0
2019-04-10,67.10984328037176,0.0
2019-04-11,66.46224587310672,0.0
2019-04-12,64.66763824022058,0.0
2019-04-15,58.86124686623253,0.0
2019-04-16,61.2802551617132,0.0
2019-04-17,60.30195810166905,0.0
2019-04-18,59.23080769812577,0.0
2019-04-22,60.8358965434459,0.0
2019-04-23,62.414974952719966,0.0
2019-04-24,62.774054174322195,0.0
2019-04-25,57.81993927598454,0.0
2019-04-26,49.33445184906858,0.0
2019-04-29,50.41145753503954,0.0
2019-04-30,51.8620959570322,0.0
2019-05-01,51.360114168782374,0.0
2019-05-02,53.776772002726965,0.0
2019-05-03,53.591339397015325,0.0
2019-05-06,50.38023980539587,0.0
2019-05-07,44.4064245253024,0.0
2019-05-08,45.228025847006705,0.0
2019-05-09,42.2046329160068,0.0
2019-05-10,41.14137281047317,0.0
2019-05-13,34.26351957662338,0.0
2019-05-14,38.03828377516856,0.0
2019-05-15,36.525431651007324,0.0
2019-05-16,37.17757701597015,0.0
2019-05-17,34.91207760835904,0.0
2019-05-20,32.21344937362389,0.0
2019-05-21,35.829060149927244,1.0
2019-05-22,34.17133501972114,0.0
2019-05-23,31.549509035234408,0.0
2019-05-24,30.455721212200842,0.0
2019-05-28,29.55126325196801,0.0
2019-05-29,28.10770241612407,0.0
2019-05-30,27.599285695842525,0.0
2019-05-31,25.91596217975446,0.0
2019-06-03,25.172115699122315,0.0
2019-06-04,35.814699771360736,1.0
2019-06-05,34.84159280982833,0.0
2019-06-06,37.44213590686981,0.0
2019-06-07,39.19952551018219,0.0
2019-06-10,42.11534806884419,0.0
2019-06-11,44.34013069436187,0.0
2019-06-12,41.08052913228246,0.0
2019-06-13,43.07490183041337,0.0
2019-06-14,40.53677115428678,0.0
2019-06-17,40.93149037907646,0.0
2019-06-18,48.21459848128795,0.0
2019-06-19,48.419262126218285,0.0
2019-06-20,49.28090769184628,0.0
2019-06-21,47.29520183175015,0.0
2019-06-24,48.141185253314326,0.0
2019-06-25,47.09779908576105,0.0
2019-06-26,54.014631894586124,0.0
2019-06-27,57.03224929576081,0.0
2019-06-28,57.767119423265385,0.0
2019-07-01,59.19224776465412,0.0
2019-07-02,55.20939515112242,0.0
2019-07-03,55.624228558237526,0.0
2019-07-05,53.11487462195159,0.0
2019-07-08,50.25492506881167,0.0
2019-07-09,50.34810753998635,0.0
2019-07-10,52.902020579030285,0.0
2019-07-11,58.04054850237644,0.0
2019-07-12,59.04619437176245,0.0
2019-07-15,58.66784509613258,0.0
2019-07-16,58.44750142024993,0.0
2019-07-17,60.60328731857664,0.0
2019-07-18,60.98400834603716,0.0
2019-07-19,58.7704821250162,0.0
2019-07-22,61.22281640631817,0.0
2019-07-23,64.56595761940947,0.0
2019-07-24,66.65762518788281,0.0
2019-07-25,60.08659700266265,0.0
2019-07-26,61.36959542789486,0.0
2019-07-29,61.06395572480317,0.0
2019-07-30,61.57166020448645,0.0
2019-07-31,53.69818846902189,0.0
2019-08-01,49.90514854798593,0.0
2019-08-02,46.51062366607201,0.0
2019-08-05,38.77075114082468,0.0
2019-08-06,40.3383655146985,0.0
2019-08-07,41.88449541916604,0.0
2019-08-08,46.05998117538135,0.0
2019-08-09,43.0221674276718,0.0
2019-08-12,41.11238238442889,0.0
2019-08-13,45.41047458730967,0.0
2019-08-14,41.28679759713565,0.0
2019-08-15,40.44630778274581,0.0
2019-08-16,49.438916641709646,0.0
2019-08-19,56.61043702725661,0.0
2019-08-20,54.499980547325784,0.0
2019-08-21,56.472220961334415,0.0
2019-08-22,56.61949401261386,0.0
2019-08-23,50.15980699858876,0.0
2019-08-26,52.07617892579807,0.0
2019-08-27,49.63985013851861,0.0
2019-08-28,49.35989099744021,0.0
2019-08-29,53.18492286912768,0.0
2019-08-30,53.51105170021505,0.0
2019-09-03,51.058912623103545,0.0
2019-09-04,54.101514527485605,0.0
2019-09-05,60.314092059636884,0.0
2019-09-06,59.4728979904333,0.0
2019-09-09,60.45815817172955,0.0
2019-09-10,61.87163842193731,0.0
2019-09-11,62.4775004720144,0.0
2019-09-12,62.42309133166261,0.0
2019-09-13,60.274812071126284,0.0
2019-09-16,58.6959693568051,0.0
2019-09-17,59.25445269669458,0.0
2019-09-18,58.20456875913497,0.0
2019-09-19,55.326481106888934,0.0
2019-09-20,51.573608547436784,0.0
2019-09-23,53.26183216187424,0.0
2019-09-24,51.24156571127231,0.0
2019-09-25,55.6145490769622,0.0
2019-09-26,54.806658696595235,0.0
2019-09-27,50.01194505740349,0.0
2019-09-30,51.84766370382011,0.0
2019-10-01,51.78699226560864,0.0
2019-10-02,50.92687038159374,0.0
2019-10-03,57.35052456451691,0.0
2019-10-04,57.81443910857412,0.0
2019-10-07,59.47356665174596,0.0
2019-10-08,52.88649248190204,0.0
2019-10-09,55.43318900867947,0.0
2019-10-10,57.06196965765863,0.0
2019-10-11,59.07086164906134,0.0
2019-10-14,59.43534308132641,0.0
2019-10-15,65.35309861062048,0.0
2019-10-16,63.22189818372738,0.0
2019-10-17,63.26861753872669,0.0
2019-10-18,59.4917686942997,0.0
2019-10-21,62.880034066731156,0.0
2019-10-22,62.48141188280044,0.0
2019-10-23,61.94403283593399,0.0
2019-10-24,63.081707736807054,0.0
2019-10-25,67.51708956337086,0.0
2019-10-28,68.67757294008638,0.0
2019-10-29,64.50512306683149,0.0
2019-10-30,64.55200636790124,0.0
2019-10-31,62.40549826618271,0.0
2019-11-01,63.420753601616866,0.0
2019-11-04,68.00315883850206,0.0
2019-11-05,67.00891853282374,0.0
2019-11-06,64.79064869822511,0.0
2019-11-07,65.22519299073468,0.0
2019-11-08,64.56366048444394,0.0
2019-11-11,64.8318705497783,0.0
2019-11-12,65.80567426201833,0.0
2019-11-13,64.43961838722232,0.0
2019-11-14,65.3283703142856,0.0
2019-11-15,58.28936561481489,0.0
2019-11-18,64.16152491924834,0.0
2019-11-19,59.486849005171884,0.0
2019-11-20,61.67259573806892,0.0
2019-11-21,60.59378535142768,0.0
2019-11-22,61.10229769423211,0.0
2019-11-25,67.51575588066545,0.0
2019-11-26,63.05156594490706,0.0
2019-11-27,63.8879775940357,0.0
2019-11-29,62.297515626016704,0.0
2019-12-02,55.08875355859614,0.0
2019-12-03,53.70028056672266,0.0
2019-12-04,55.02120944402006,0.0
2019-12-05,54.39011595504862,0.0
2019-12-06,57.00839599299981,0.0
2019-12-09,57.00839599299981,0.0
2019-12-10,58.40463451917794,0.0
2019-12-11,60.88669563345242,0.0
2019-12-12,65.25779501291993,0.0
2019-12-13,65.1666504421641,0.0
2019-12-16,65.89357503782483,0.0
2019-12-17,67.80778383773765,0.0
2019-12-18,68.53017218576079,0.0
2019-12-19,71.78087081883271,0.0
2019-12-20,73.66277070613404,0.0
2019-12-23,72.94254909298026,0.0
2019-12-24,72.67054406205422,0.0
2019-12-26,72.97287012366994,0.0
2019-12-27,69.67073184764679,0.0
2019-12-30,63.71823201355805,0.0
2019-12-31,65.7364434975098,0.0
2020-01-02,68.58226848668485,0.0
2020-01-03,63.92673650855709,0.0
2020-01-06,64.5792242124287,0.0
2020-01-07,66.43217866494275,0.0
2020-01-08,66.71952030217531,0.0
2020-01-09,68.39042922996384,0.0
2020-01-10,69.19217559213557,0.0
2020-01-13,73.38008074526827,0.0
2020-01-14,67.4574311555162,0.0
2020-01-15,65.43485325768054,0.0
2020-01-16,67.45325503470914,0.0
2020-01-17,67.66035073610666,0.0
2020-01-21,65.96893241600849,0.0
2020-01-22,67.35983921583309,0.0
2020-01-23,69.04746555330881,0.0
2020-01-24,65.94151199051495,0.0
2020-01-27,54.74476600772027,0.0
2020-01-28,60.130848992964694,0.0
2020-01-29,57.863764888129396,0.0
2020-01-30,58.04872618154482,0.0
2020-01-31,50.01820657227342,0.0
2020-02-03,52.87165978676641,0.0
2020-02-04,57.34145421682223,0.0
2020-02-05,59.499837043597786,0.0
2020-02-06,61.47265488179665,0.0
2020-02-07,59.160666749857356,0.0
2020-02-10,65.07601129860178,0.0
2020-02-11,67.23576142618847,0.0
2020-02-12,69.13469594801023,0.0
2020-02-13,67.574246916201,0.0
2020-02-14,74.19593133970037,0.0
2020-02-18,76.03334943779038,0.0
2020-02-19,80.03494781328826,0.0
2020-02-20,75.63569694892155,0.0
2020-02-21,66.28412206577303,0.0
2020-02-24,55.93854291093738,0.0
2020-02-25,51.3789002047885,0.0
2020-02-26,53.373865116533274,0.0
2020-02-27,47.87286534353671,0.0
2020-02-28,53.75881837553942,0.0
2020-03-02,55.67671491051618,0.0
2020-03-03,51.920157673073625,0.0
2020-03-04,57.28014041411522,0.0
2020-03-05,53.497253417970924,0.0
2020-03-06,51.197454556059384,0.0
2020-03-09,45.36463024830921,0.0
2020-03-10,49.92402263210955,0.0
2020-03-11,46.13801304270225,0.0
2020-03-12,39.61059961023893,0.0
2020-03-13,46.134876302462274,0.0
2020-03-16,38.2536025917048,0.0
2020-03-17,43.061944476332236,0.0
2020-03-18,40.749210421262816,0.0
2020-03-19,43.012228551956696,0.0
2020-03-20,41.81635974741846,0.0
2020-03-23,43.408358206111075,0.0
2020-03-24,50.85132972046019,0.0
2020-03-25,50.17365803699972,0.0
2020-03-26,52.35522307185479,0.0
2020-03-27,51.43517274054897,0.0
2020-03-30,53.86845602552497,0.0
2020-03-31,53.432384729888966,0.0
2020-04-01,49.11465297994824,0.0
2020-04-02,51.60119178383275,0.0
2020-04-03,49.23998840125568,0.0
2020-04-06,53.940045608493676,0.0
2020-04-07,52.00086655572322,0.0
2020-04-08,53.488613714344005,0.0
2020-04-09,52.621506711336416,0.0
2020-04-13,53.9762566689784,0.0
2020-04-14,56.64299668533149,0.0
2020-04-15,55.89109244642604,0.0
2020-04-16,58.47681536851949,0.0
2020-04-17,57.863689312375215,0.0
2020-04-20,56.48331924298316,0.0
2020-04-21,52.12670654854845,0.0
2020-04-22,55.55041157674007,0.0
2020-04-23,55.01776978183901,0.0
2020-04-24,56.171251825199974,0.0
2020-04-27,57.703726897164586,0.0
2020-04-28,56.12613991687851,0.0
2020-04-29,57.639332948599105,0.0
2020-04-30,55.873700274144284,0.0
2020-05-01,53.23498938046959,0.0
2020-05-04,55.228717742759734,0.0
2020-05-05,55.79977013109571,0.0
2020-05-06,56.75947934531885,0.0
2020-05-07,58.42076242870421,0.0
2020-05-08,60.157225657906295,0.0
2020-05-11,62.35237332980208,0.0
2020-05-12,58.80706801925318,0.0
2020-05-13,58.507501198424116,0.0
2020-05-14,60.845106863819574,0.0
2020-05-15,64.69224802603271,0.0
2020-05-18,66.63772313447353,0.0
2020-05-19,67.04467693884669,0.0
2020-05-20,68.25817993708715,0.0
2020-05-21,65.26338738224447,0.0
2020-05-22,67.21488427749884,0.0
2020-05-26,62.66048681320469,0.0
2020-05-27,59.99056744285513,0.0
2020-05-28,59.46061804580195,0.0
2020-05-29,62.958861899874364,0.0
2020-06-01,61.95568931445689,0.0
2020-06-02,62.13000238600572,0.0
2020-06-03,61.26323055749545,0.0
2020-06-04,61.27344428083199,0.0
2020-06-05,62.854655758170246,0.0
2020-06-08,60.893886166287224,0.0
2020-06-09,63.41166541118935,0.0
2020-06-10,66.4388662167695,0.0
2020-06-11,57.527627177342836,0.0
2020-06-12,58.91303100809315,0.0
2020-06-15,61.26779873965278,0.0
2020-06-16,59.69663173645733,0.0
2020-06-17,61.3567473305897,0.0
2020-06-18,61.07220822398784,0.0
2020-06-19,61.52352128336413,0.0
2020-06-22,64.20524155138172,0.0
2020-06-23,62.871785179304446,0.0
2020-06-24,59.25178289815662,0.0
2020-06-25,61.98543124509608,0.0
2020-06-26,56.713632237702036,0.0
2020-06-29,57.22795963119327,0.0
2020-06-30,60.49739798953266,0.0
2020-07-01,60.8386684178379,0.0
2020-07-02,61.726363946791814,0.0
2020-07-06,64.09110631652212,0.0
2020-07-07,64.42238938172493,0.0
2020-07-08,67.74070686545261,0.0
2020-07-09,70.2284742892412,0.0
2020-07-10,69.6543520093713,0.0
2020-07-13,61.997083321454646,0.0
2020-07-14,65.07114147641417,0.0
2020-07-15,62.612739003088315,0.0
2020-07-16,61.111531579180465,0.0
2020-07-17,61.807105741349694,0.0
2020-07-20,64.87129381376099,0.0
2020-07-21,61.795719649723175,0.0
2020-07-22,62.91529568609647,0.0
2020-07-23,57.9087025084072,0.0
2020-07-24,58.63476388981958,0.0
2020-07-27,61.110411906030855,0.0
2020-07-28,57.80567053938918,0.0
2020-07-29,60.53220725686134,0.0
2020-07-30,62.06494094294659,0.0
2020-07-31,62.07278283358725,0.0
2020-08-03,65.97168219379702,0.0
2020-08-04,67.8829365428775,0.0
2020-08-05,68.3899060924952,0.0
2020-08-06,68.81799157075938,0.0
2020-08-07,66.18578269396279,0.0
2020-08-10,65.51668441074679,0.0
2020-08-11,59.71425656271812,0.0
2020-08-12,65.70509954503487,0.0
2020-08-13,65.73006570123081,0.0
2020-08-14,66.84905200560502,0.0
2020-08-17,72.81752793280543,0.0
2020-08-18,71.48123829553862,0.0
2020-08-19,69.3339796221147,0.0
2020-08-20,69.35379063728439,0.0
2020-08-21,73.2956773349283,0.0
2020-08-24,73.53837850833872,0.0
2020-08-25,73.74174874998783,0.0
2020-08-26,73.90494464786518,0.0
2020-08-27,70.98225720110084,0.0
2020-08-28,74.75399561734439,0.0
2020-08-31,76.17671794044234,0.0
2020-09-01,78.68907011618847,0.0
2020-09-02,81.13223877161127,0.0
2020-09-03,62.13905498363133,0.0
2020-09-04,57.92444978765055,0.0
2020-09-08,51.31083402280149,0.0
2020-09-09,57.13432776877537,0.0
2020-09-10,53.73286383837292,0.0
2020-09-11,52.5307568089312,0.0
2020-09-14,57.3574096977836,0.0
2020-09-15,58.10970224029359,0.0
2020-09-16,54.07996808474118,0.0
2020-09-17,53.66072021291867,0.0
2020-09-18,51.40496252695491,0.0
2020-09-21,53.84745197366255,0.0
2020-09-22,54.72740967376779,0.0
2020-09-23,50.41169841296786,0.0
2020-09-24,52.14478439491569,0.0
2020-09-25,55.94464452988411,0.0
2020-09-28,57.045771701037104,0.0
2020-09-29,58.342290344738714,0.0
2020-09-30,60.35472875134067,0.0
2020-10-01,60.902715934261174,0.0
2020-10-02,55.5854991457068,0.0
2020-10-05,59.49658231835669,0.0
2020-10-06,60.09577518606276,0.0
2020-10-07,61.54510651381647,0.0
2020-10-08,60.27640255174467,0.0
2020-10-09,59.49302279866947,0.0
2020-10-12,62.610717199763975,0.0
2020-10-13,62.75563261433669,0.0
2020-10-14,61.04296659550977,0.0
2020-10-15,59.64034290122262,0.0
2020-10-16,57.86916280883641,0.0
2020-10-19,54.49680769719427,0.0
2020-10-20,55.77435038712168,0.0
2020-10-21,54.459029471903484,0.0
2020-10-22,52.68534792434694,0.0
2020-10-23,54.85223504710997,0.0
2020-10-26,50.12000627174297,0.0
2020-10-27,52.57098566794953,0.0
2020-10-28,45.4833620997089,0.0
2020-10-29,49.20146035195249,0.0
2020-10-30,45.19666474547146,0.0
2020-11-02,45.64102298013817,0.0
2020-11-03,49.6723483436835,0.0
2020-11-04,55.76940476034513,0.0
2020-11-05,58.28100896886351,0.0
2020-11-06,60.852849135446014,0.0
2020-11-09,52.90065454405199,0.0
2020-11-10,46.93338148700711,0.0
2020-11-11,51.287773467105964,0.0
2020-11-12,51.53807188640705,0.0
2020-11-13,50.41389379744124,0.0
2020-11-16,51.922042663346666,0.0
2020-11-17,51.22323167574256,0.0
2020-11-18,51.271471565110375,0.0
2020-11-19,51.361108111528175,0.0
2020-11-20,48.484481195499185,0.0
2020-11-23,48.93074614309345,0.0
2020-11-24,47.422360771567654,0.0
2020-11-25,49.89357665804426,0.0
2020-11-27,50.12966420654955,0.0
2020-11-30,51.4049955251592,0.0
2020-12-01,51.29176655053708,0.0
2020-12-02,52.76304851116073,0.0
2020-12-03,51.23890546391981,0.0
2020-12-04,52.848745715126135,0.0
2020-12-07,53.33352629752265,0.0
2020-12-08,50.44347328763894,0.0
2020-12-09,46.14533541308051,0.0
2020-12-10,46.61925091845134,0.0
2020-12-11,47.10337521817582,0.0
2020-12-14,50.50838205235342,0.0
2020-12-15,51.08882291144523,0.0
2020-12-16,49.69011952239342,0.0
2020-12-17,50.87487008646849,0.0
2020-12-18,50.00564581886489,0.0
2020-12-21,50.7758674135066,0.0
2020-12-22,50.048392842857936,0.0
2020-12-23,46.551118272249106,0.0
2020-12-24,46.35462921588782,0.0
2020-12-28,45.1416439890157,0.0
2020-12-29,45.83001221777673,0.0
2020-12-30,48.984892442927574,0.0
2020-12-31,47.67507417847044,0.0
2021-01-04,48.60753467412824,0.0
2021-01-05,52.99726066377881,0.0
2021-01-06,42.603791355754396,0.0
2021-01-07,51.79079879106943,0.0
2021-01-08,50.99866476368629,0.0
2021-01-11,54.734563384467414,0.0
2021-01-12,53.04591728235578,0.0
2021-01-13,53.564206856181514,0.0
2021-01-14,49.50698756505565,0.0
2021-01-15,45.75686139697683,0.0
2021-01-19,47.78220464083389,0.0
2021-01-20,51.6832256858879,0.0
2021-01-21,56.70074122317613,0.0
2021-01-22,54.848571671443956,0.0
2021-01-25,54.13703708990088,0.0
2021-01-26,51.54703219701141,0.0
2021-01-27,46.04278655621352,0.0
2021-01-28,47.56048636134361,0.0
2021-01-29,46.92190434868348,0.0
2021-02-01,49.7867876618776,0.0
2021-02-02,53.22367307524346,0.0
2021-02-03,52.91071493897997,0.0
2021-02-04,54.35036971819811,0.0
2021-02-05,53.409006684802655,0.0
2021-02-08,61.52675771439067,0.0
2021-02-09,59.2761497672384,0.0
2021-02-10,63.30917482917407,0.0
2021-02-11,66.68189902713505,0.0
2021-02-12,63.051441615620064,0.0
2021-02-16,65.56671815752051,0.0
2021-02-17,60.57604266871065,0.0
2021-02-18,59.70777269938831,0.0
2021-02-19,60.4631056822809,0.0
2021-02-22,54.20190095060431,0.0
2021-02-23,52.07605098440797,0.0
2021-02-24,55.16745542231479,0.0
2021-02-25,44.974963864291,0.0
2021-02-26,48.40266696973726,0.0
2021-03-01,49.439217210861784,0.0
2021-03-02,46.10264381717922,0.0
2021-03-03,41.98332642714017,0.0
2021-03-04,39.3123834271916,0.0
2021-03-05,40.15404981822838,0.0
2021-03-08,35.25661056391475,0.0
2021-03-09,43.09333208145535,0.0
2021-03-10,42.788823784169765,0.0
2021-03-11,46.78683503580833,0.0
2021-03-12,45.90291286787268,0.0
2021-03-15,48.40468920174302,0.0
2021-03-16,49.14316066132382,0.0
2021-03-17,49.52339533059978,0.0
2021-03-18,45.12821637110916,0.0
2021-03-19,46.130649732327825,0.0
2021-03-22,48.84817617947103,0.0
2021-03-23,47.98387902263087,0.0
2021-03-24,44.8876402905807,0.0
2021-03-25,44.13253170553834,0.0
2021-03-26,46.790771899930164,0.0
2021-03-29,47.72947218342682,0.0
2021-03-30,47.11540596573824,0.0
2021-03-31,51.22934460547495,0.0
2021-04-01,54.8274170104724,0.0
2021-04-05,56.11952311132199,0.0
2021-04-06,54.933692469993424,0.0
2021-04-07,57.07072718891547,0.0
2021-04-08,58.34983921451409,0.0
2021-04-09,58.965500115785424,0.0
2021-04-12,64.36939735662038,0.0
2021-04-13,67.02766228142704,0.0
2021-04-14,62.80806192946456,0.0
2021-04-15,67.42203417114939,0.0
2021-04-16,65.19765110254785,0.0
2021-04-19,60.08435333815441,0.0
2021-04-20,58.41625379623796,0.0
2021-04-21,59.58945896443522,0.0
2021-04-22,55.1718481364101,0.0
2021-04-23,57.84721986005327,0.0
2021-04-26,59.16242897639608,0.0
2021-04-27,58.29623236228789,0.0
2021-04-28,57.332330366724065,0.0
2021-04-29,57.66913162210279,0.0
2021-04-30,54.68486049201564,0.0
2021-05-03,53.09988384496765,0.0
2021-05-04,48.90643001542261,0.0
2021-05-05,49.82780195348,0.0
2021-05-06,50.394055431180625,0.0
2021-05-07,52.90333394411549,0.0
2021-05-10,48.06764257996043,0.0
2021-05-11,48.43531062152042,0.0
2021-05-12,44.00030747935576,0.0
2021-05-13,43.2899611063493,0.0
2021-05-14,48.6920247205089,0.0
2021-05-17,48.04578610782514,0.0
2021-05-18,46.78290827248051,0.0
2021-05-19,47.27004078462406,0.0
2021-05-20,52.29626588711246,0.0
2021-05-21,55.40030238155769,0.0
2021-05-24,59.893075423593764,0.0
2021-05-25,60.13668754610906,0.0
2021-05-26,60.505795441818606,0.0
2021-05-27,58.20410489170971,0.0
2021-05-28,63.42959098744578,0.0
2021-06-01,63.55641215220827,0.0
2021-06-02,66.68022992969226,0.0
2021-06-03,67.76439523911091,0.0
2021-06-04,70.92833012977286,0.0
2021-06-07,71.12808650767764,0.0
2021-06-08,69.14007268886053,0.0
2021-06-09,67.97011430816008,0.0
2021-06-10,68.36703013192218,0.0
2021-06-11,70.6618285459426,0.0
2021-06-14,71.70635052474799,0.0
2021-06-15,68.64518052588384,0.0
2021-06-16,68.77772759681679,0.0
2021-06-17,73.38874238534616,0.0
2021-06-18,73.14044303902497,0.0
2021-06-21,70.27843414779176,0.0
2021-06-22,72.71964526456993,0.0
2021-06-23,73.56762088938218,0.0
2021-06-24,74.29882136772586,0.0
2021-06-25,71.83673655693961,0.0
2021-06-28,76.3474406129988,0.0
2021-06-29,76.52071030117216,0.0
2021-06-30,76.17954834047595,0.0
2021-07-01,77.10762952021544,0.0
2021-07-02,78.27708175479934,0.0
2021-07-06,79.13979709486381,0.0
2021-07-07,74.33863631651178,0.0
2021-07-08,68.09689705566406,0.0
2021-07-09,68.95969858999129,0.0
2021-07-12,71.50217527374346,0.0
2021-07-13,68.16468525738817,0.0
2021-07-14,63.32298018689236,0.0
2021-07-15,54.579475045666555,0.0
2021-07-16,48.14190477241976,0.0
2021-07-19,52.658385472410494,0.0
2021-07-20,51.38131912429574,0.0
2021-07-21,56.64616591699039,0.0
2021-07-22,57.75641965090053,0.0
2021-07-23,57.453445409614446,0.0
2021-07-26,55.21708574669716,0.0
2021-07-27,54.489804392158824,0.0
2021-07-28,56.55594931755078,0.0
2021-07-29,57.64685965612033,0.0
2021-07-30,56.12602764068917,0.0
2021-08-02,57.92527466826839,0.0
2021-08-03,58.390453525490045,0.0
2021-08-04,61.55017792885698,0.0
2021-08-05,63.836299322525704,0.0
2021-08-06,60.986724921060755,0.0
2021-08-09,60.245105494174155,0.0
2021-08-10,56.58277703000902,0.0
2021-08-11,54.2893181697743,0.0
2021-08-12,55.92389082329034,0.0
2021-08-13,58.090982517668756,0.0
2021-08-16,55.668026678894314,0.0
2021-08-17,51.035828470975424,0.0
2021-08-18,47.50102944773406,0.0
2021-08-19,53.63135773213079,0.0
2021-08-20,60.20128130508789,0.0
2021-08-23,65.90570416148164,0.0
2021-08-24,64.49967548446935,0.0
2021-08-25,66.41926105080597,0.0
2021-08-26,65.13925598056902,0.0
2021-08-27,67.70552054713289,0.0
2021-08-30,67.93300436907755,0.0
2021-08-31,65.15463362279982,0.0
2021-09-01,65.43334851083475,0.0
2021-09-02,64.99358176750877,0.0
2021-09-03,67.29192173635096,0.0
2021-09-07,65.46008035772815,0.0
2021-09-08,62.275561618027155,0.0
2021-09-09,60.71615371296309,0.0
2021-09-10,62.550249163805745,0.0
2021-09-13,59.38911466430657,0.0
2021-09-14,59.97691829761578,0.0
2021-09-15,60.636594166224235,0.0
2021-09-16,59.60249799850278,0.0
2021-09-17,56.12197194232335,0.0
2021-09-20,49.16733576565131,0.0
2021-09-21,50.26371277536854,0.0
2021-09-22,55.538696609948424,0.0
2021-09-23,59.093562015868834,0.0
2021-09-24,55.623624151684865,0.0
2021-09-27,52.23393588540066,0.0
2021-09-28,45.56249288794039,0.0
2021-09-29,44.431164028602346,0.0
2021-09-30,45.975146603021564,0.0
2021-10-01,46.18075042183277,0.0
2021-10-04,39.960747101505106,0.0
2021-10-05,45.46489146862101,0.0
2021-10-06,47.22850985219516,0.0
2021-10-07,49.80197363115797,0.0
2021-10-08,48.19231200006484,0.0
2021-10-11,47.29546976865502,0.0
2021-10-12,47.132537225623295,0.0
2021-10-13,49.19005300832701,0.0
2021-10-14,54.769735526561426,0.0
2021-10-15,55.50898580868792,0.0
2021-10-18,57.764114454695665,0.0
2021-10-19,58.18550801835977,0.0
2021-10-20,56.552126549807284,0.0
2021-10-21,60.25157878921083,0.0
2021-10-22,60.45617905681817,0.0
2021-10-25,63.047162408661286,0.0
2021-10-26,70.27409044103923,0.0
2021-10-27,67.87760095335435,0.0
2021-10-28,69.86998888230416,0.0
2021-10-29,72.18965992093578,0.0
2021-11-01,73.0952666362207,0.0
2021-11-02,74.9879945193941,0.0
2021-11-03,75.60792812963402,0.0
2021-11-04,82.8730119433879,0.0
2021-11-05,82.47744266558644,0.0
2021-11-08,84.18364426954105,0.0
2021-11-09,82.99497469831705,-1.0
2021-11-10,74.02792015062849,0.0
2021-11-11,76.1369906055287,0.0
2021-11-12,76.1369906055287,0.0
2021-11-15,73.54272417600576,0.0
2021-11-16,73.99754698949607,0.0
2021-11-17,67.53053453826323,0.0
2021-11-18,73.7248682954771,0.0
2021-11-19,76.30683480207507,0.0
2021-11-22,70.57276227929272,0.0
2021-11-23,69.45159476334939,0.0
2021-11-24,71.55372277725975,0.0
2021-11-26,65.56130230096232,0.0
2021-11-29,69.81716721636973,0.0
2021-11-30,66.58029903544357,0.0
2021-12-01,61.293676099044575,0.0
2021-12-02,63.02025491157415,0.0
2021-12-03,57.42820351667043,0.0
2021-12-06,55.07335370736666,0.0
2021-12-07,61.17831706698599,0.0
2021-12-08,59.054178812768626,0.0
2021-12-09,54.61686015388432,0.0
2021-12-10,53.68873781640919,0.0
2021-12-13,47.732434741619045,0.0
2021-12-14,48.254544145928065,0.0
2021-12-15,54.07657917589423,0.0
2021-12-16,48.471172419077334,0.0
2021-12-17,47.02017507064095,0.0
2021-12-20,46.81375765966416,0.0
2021-12-21,50.589537061794374,0.0
2021-12-22,51.45893956535702,0.0
2021-12-23,52.11388433455662,0.0
2021-12-27,55.54692663619924,0.0
2021-12-28,53.61534818014419,0.0
2021-12-29,52.62286966482805,0.0
2021-12-30,51.3298161901206,0.0
2021-12-31,50.775976721185,0.0
2022-01-03,52.94423160318025,0.0
2022-01-04,50.21891831403091,0.0
2022-01-05,45.244910921607236,0.0
2022-01-06,47.12183458199754,0.0
2022-01-07,44.51655547139589,0.0
2022-01-10,45.042186322186105,0.0
2022-01-11,46.49637144522465,0.0
2022-01-12,47.13897199440915,0.0
2022-01-13,42.895843747881415,0.0
2022-01-14,44.25706967343946,0.0
2022-01-18,41.32168753874313,0.0
2022-01-19,39.12387054829006,0.0
2022-01-20,36.86020848276173,0.0
2022-01-21,35.05357934191899,0.0
2022-01-24,35.04892627583142,0.0
2022-01-25,32.654245600925265,0.0
2022-01-26,34.66299228869565,1.0
2022-01-27,32.76186560102326,0.0
2022-01-28,36.715486104893195,1.0
2022-01-31,43.176594341843106,0.0
2022-02-01,43.73498647982302,0.0
2022-02-02,45.9563858074951,0.0
2022-02-03,42.19918201035923,0.0
2022-02-04,43.59099471111172,0.0
2022-02-07,45.12439234939542,0.0
2022-02-08,46.54549904778684,0.0
2022-02-09,52.03993234102538,0.0
2022-02-10,49.10873917529396,0.0
2022-02-11,43.6062433859052,0.0
2022-02-14,44.71217949409484,0.0
2022-02-15,51.69819531175276,0.0
2022-02-16,51.74428593901741,0.0
2022-02-17,45.96176306793332,0.0
2022-02-18,43.740834590848564,0.0
2022-02-22,43.10212572856104,0.0
2022-02-23,40.61728175962919,0.0
2022-02-24,45.135105332706495,0.0
2022-02-25,46.424467632416,0.0
2022-02-28,47.15324192883445,0.0
2022-03-01,44.60947780303028,0.0
2022-03-02,47.082067801087156,0.0
2022-03-03,45.62972327608051,0.0
2022-03-04,43.45996598921452,0.0
2022-03-07,39.44057539786153,0.0
2022-03-08,40.03759423070612,0.0
2022-03-09,45.29401322291744,0.0
2022-03-10,44.32333815940948,0.0
2022-03-11,42.80962846318584,0.0
2022-03-14,40.78635463173606,0.0
2022-03-15,46.468900330448,0.0
2022-03-16,51.0523508909508,0.0
2022-03-17,51.82215492509852,0.0
2022-03-18,56.33830526804122,0.0
2022-03-21,57.04432728090125,0.0
2022-03-22,56.3278139397768,0.0
2022-03-23,53.33899343497835,0.0
2022-03-24,59.70196091142295,0.0
2022-03-25,58.18167610946423,0.0
2022-03-28,59.43289012616847,0.0
2022-03-29,60.46539394865214,0.0
2022-03-30,57.08467490156265,0.0
2022-03-31,55.7133692535966,0.0
2022-04-01,53.78114330206103,0.0
2022-04-04,55.61056826526334,0.0
2022-04-05,50.930928169665656,0.0
2022-04-06,46.534886727533326,0.0
2022-04-07,45.989281656643726,0.0
2022-04-08,43.07970631636811,0.0
2022-04-11,40.12991378782121,0.0
2022-04-12,39.160099006018164,0.0
2022-04-13,41.671419171353655,0.0
2022-04-14,39.359386486658856,0.0
2022-04-18,41.26509080565488,0.0
2022-04-19,42.76182918064064,0.0
2022-04-20,40.87037103046655,0.0
2022-04-21,37.686886202163805,0.0
2022-04-22,36.162155768091665,0.0
2022-04-25,37.699280173401576,0.0
2022-04-26,35.135809027683635,0.0
2022-04-27,34.31345186851637,0.0
2022-04-28,39.75321323378985,0.0
2022-04-29,36.8510202205607,0.0
2022-05-02,40.501477702609144,0.0
2022-05-03,40.75375431748254,0.0
2022-05-04,43.43226083970799,0.0
2022-05-05,39.59659524953312,0.0
2022-05-06,39.18344274396155,0.0
2022-05-09,35.233565128009644,0.0
2022-05-10,37.705158257363294,0.0
2022-05-11,35.56754666060078,0.0
2022-05-12,34.5941546836393,0.0
2022-05-13,40.37396508390625,0.0
2022-05-16,39.318095784396874,0.0
2022-05-17,42.583038461244236,0.0
2022-05-18,39.543746893821826,0.0
2022-05-19,40.21800522939015,0.0
2022-05-20,39.155315444947085,0.0
2022-05-23,39.94772940694748,0.0
2022-05-24,38.04554871738294,0.0
2022-05-25,41.29267507977703,0.0
2022-05-26,44.556418950547005,0.0
2022-05-27,47.897765387258275,0.0
2022-05-31,47.46183147616349,0.0
2022-06-01,46.33758293104193,0.0
2022-06-02,50.773040276529656,0.0
2022-06-03,47.91514304039502,0.0
2022-06-06,48.147670810778465,0.0
2022-06-07,48.65946397625628,0.0
2022-06-08,47.68954666764823,0.0
2022-06-09,45.59463980576227,0.0
2022-06-10,42.1092760696926,0.0
2022-06-13,38.30132287632118,0.0
2022-06-14,39.12661029179687,0.0
2022-06-15,42.10686738311688,0.0
2022-06-16,39.38676473104145,0.0
2022-06-17,40.603675125434805,0.0
2022-06-21,43.53760598626811,0.0
2022-06-22,42.868267945214306,0.0
2022-06-23,42.41840758124065,0.0
2022-06-24,46.37207143400245,0.0
2022-06-27,45.435382768613835,0.0
2022-06-28,42.32907739538591,0.0
2022-06-29,40.87006778060971,0.0
2022-06-30,39.6188066213373,0.0
2022-07-01,37.6063082290966,0.0
2022-07-05,39.836908554585264,0.0
2022-07-06,40.67724734919947,0.0
2022-07-07,44.27061273179153,0.0
2022-07-08,44.19319751044226,0.0
2022-07-11,41.56877877570155,0.0
2022-07-12,41.30530137433914,0.0
2022-07-13,41.76047899825998,0.0
2022-07-14,42.941942903327664,0.0
2022-07-15,45.13853520716324,0.0
2022-07-18,47.00526246799251,0.0
2022-07-19,51.564818859738736,0.0
2022-07-20,55.27029929840064,0.0
2022-07-21,56.31911150276484,0.0
2022-07-22,52.42648964373672,0.0
2022-07-25,50.931107135156886,0.0
2022-07-26,48.507061960891576,0.0
2022-07-27,54.360712586358446,0.0
2022-07-28,55.18829461930417,0.0
2022-07-29,55.96385969177415,0.0
2022-08-01,57.17550714288459,0.0
2022-08-02,57.55140653402139,0.0
2022-08-03,59.17990838703492,0.0
2022-08-04,60.57675414723192,0.0
2022-08-05,59.08306160725721,0.0
2022-08-08,51.947592691816396,0.0
2022-08-09,48.31666271077655,0.0
2022-08-10,53.23669591290167,0.0
2022-08-11,52.43118506125063,0.0
2022-08-12,55.90631190961112,0.0
2022-08-15,57.28945733921925,0.0
2022-08-16,56.407185768673195,0.0
2022-08-17,53.333240058409224,0.0
2022-08-18,55.39346531299574,0.0
2022-08-19,50.44786579155074,0.0
2022-08-22,46.58612678845723,0.0
2022-08-23,47.351281305683955,0.0
2022-08-24,47.571807196384,0.0
2022-08-25,51.19789501500063,0.0
2022-08-26,43.60391044429418,0.0
2022-08-29,41.79204192370171,0.0
2022-08-30,40.50664932019567,0.0
2022-08-31,39.085433237938304,0.0
2022-09-01,35.07765664435222,0.0
2022-09-02,34.15367117485606,0.0
2022-09-06,33.56950626145458,0.0
2022-09-07,35.1919745364074,0.0
2022-09-08,36.9600076193173,0.0
2022-09-09,39.460694767021835,0.0
2022-09-12,40.20281987494649,0.0
2022-09-13,34.95118984695269,0.0
2022-09-14,34.94069681286864,0.0
2022-09-15,34.223485284707806,0.0
2022-09-16,36.09012834800686,0.0
2022-09-19,37.369848237580264,0.0
2022-09-20,36.50833390872273,0.0
2022-09-21,37.13778101123501,0.0
2022-09-22,34.19868131163689,0.0
2022-09-23,34.0165225804204,0.0
2022-09-26,32.838091255184196,0.0
2022-09-27,34.375318144998076,1.0
2022-09-28,37.02437228018813,0.0
2022-09-29,34.670884861770816,0.0
2022-09-30,34.31049579855639,0.0
2022-10-03,37.461503580332625,0.0
2022-10-04,42.55494986949026,0.0
2022-10-05,42.86900998671546,0.0
2022-10-06,42.40992692618514,0.0
2022-10-07,36.86550532881012,0.0
2022-10-10,35.00966751952173,0.0
2022-10-11,34.630009227384534,0.0
2022-10-12,34.229947177650814,0.0
2022-10-13,38.24655044941204,0.0
2022-10-14,34.69276464016474,0.0
2022-10-17,39.986046730354744,0.0
2022-10-18,40.59184060528338,0.0
2022-10-19,41.25549756747371,0.0
2022-10-20,42.40844299514708,0.0
2022-10-21,44.585970396314835,0.0
2022-10-24,45.643801956707065,0.0
2022-10-25,50.586065792669864,0.0
2022-10-26,48.05043367965773,0.0
2022-10-27,50.07135034219531,0.0
2022-10-28,54.454179762674386,0.0
2022-10-31,51.99362612362744,0.0
2022-11-01,52.303287665121545,0.0
2022-11-02,49.91600592193304,0.0
2022-11-03,51.37259274566013,0.0
2022-11-04,56.24636379904631,0.0
2022-11-07,57.13847007768597,0.0
2022-11-08,58.96660734442283,0.0
2022-11-09,52.49850221298244,0.0
2022-11-10,62.771368902531684,0.0
2022-11-11,65.0940339053488,0.0
2022-11-14,64.85782393105848,0.0
2022-11-15,66.34820016618987,0.0
2022-11-16,60.815887308238324,0.0
2022-11-17,59.214081128523,0.0
2022-11-18,57.38412209349797,0.0
2022-11-21,56.75037494735151,0.0
2022-11-22,60.36166801128935,0.0
2022-11-23,62.55716393374707,0.0
2022-11-25,60.72439237131443,0.0
2022-11-28,57.56587123184113,0.0
2022-11-29,56.25868014235844,0.0
2022-11-30,62.415146847372654,0.0
2022-12-01,63.309869295022786,0.0
2022-12-02,61.42931577163184,0.0
2022-12-05,59.51803243278092,0.0
2022-12-06,55.27787198350884,0.0
2022-12-07,55.98256950462317,0.0
2022-12-08,61.074780433878225,0.0
2022-12-09,59.90644916413894,0.0
2022-12-12,62.31826374377041,0.0
2022-12-13,64.57407317477202,0.0
2022-12-14,61.692748519581286,0.0
2022-12-15,56.84897401904313,0.0
2022-12-16,54.47324853172189,0.0
2022-12-19,52.5499123663468,0.0
2022-12-20,51.52891699750355,0.0
2022-12-21,53.85214032293697,0.0
2022-12-22,47.20027870874207,0.0
2022-12-23,46.508148424907255,0.0
2022-12-27,41.306741311754074,0.0
2022-12-28,40.92926679641298,0.0
2022-12-29,44.4910926162969,0.0
2022-12-30,44.55936575758125,0.0
